Transaction_ID,User_ID,Timestamp,Amount_USD,Country,Merchant_Category,Device_IP,Is_Fraud
TXN_1001,USER_144,2026-05-03 18:24:09,2197.2,GB,Travel,20.178.51.24,0
TXN_1002,USER_172,2026-05-17 07:42:01,3806.89,JP,Electronics,115.32.214.115,0
TXN_1003,USER_179,2026-05-16 12:15:42,4634.19,KR,Electronics,90.210.139.113,0
TXN_1004,USER_189,2026-05-14 23:08:30,2775.15,KR,Gaming,192.211.70.161,0
TXN_1005,USER_107,2026-05-06 02:55:49,1775.86,GB,Travel,100.228.173.198,0
TXN_1006,USER_150,2026-05-24 13:21:54,2336.27,US,Gaming,122.39.190.174,0
TXN_1007,USER_142,2026-05-29 14:21:38,4837.71,GB,Luxury,202.94.19.120,0
TXN_1008,USER_169,2026-05-25 15:59:09,653.96,US,Food,74.58.144.171,0
TXN_1009,USER_110,2026-05-30 03:35:15,2102.29,SG,Luxury,172.213.111.205,0
TXN_1010,USER_124,2026-05-27 02:13:07,1445.2,KR,Electronics,142.35.213.51,0
TXN_1011,USER_179,2026-05-25 22:50:41,3935.69,US,Electronics,106.180.70.199,0
TXN_1012,USER_104,2026-05-18 05:24:04,2845.86,SG,Gaming,55.29.112.170,0
TXN_1013,USER_110,2026-05-25 14:41:35,2828.35,JP,Electronics,129.162.144.141,1
TXN_1014,USER_161,2026-05-03 19:22:53,1523.23,SG,Gaming,78.111.251.55,0
TXN_1015,USER_104,2026-05-09 13:45:07,4267.75,SG,Luxury,184.14.219.72,0
TXN_1016,USER_113,2026-05-29 10:43:59,3311.27,KR,Food,113.200.255.169,0
TXN_1017,USER_133,2026-05-13 16:26:04,4071.03,SG,Gaming,75.5.27.23,0
TXN_1018,USER_172,2026-05-24 22:02:05,2312.08,GB,Gaming,201.128.240.39,0
TXN_1019,USER_117,2026-05-16 10:00:48,2233.55,GB,Luxury,54.77.175.161,0
TXN_1020,USER_135,2026-05-19 19:45:14,442.81,KR,Gaming,76.246.93.231,0
TXN_1021,USER_177,2026-05-16 08:19:43,1333.02,GB,Travel,59.199.66.183,0
TXN_1022,USER_108,2026-05-25 11:01:15,1364.85,SG,Gaming,100.231.32.116,0
TXN_1023,USER_181,2026-05-22 19:47:59,1533.25,KR,Food,122.45.118.218,0
TXN_1024,USER_167,2026-05-06 02:07:51,3487.14,JP,Food,69.160.35.149,1
TXN_1025,USER_176,2026-05-03 22:27:10,426.8,GB,Food,176.10.45.126,0
TXN_1026,USER_168,2026-05-06 20:02:22,726.9,KR,Gaming,40.150.203.44,0
TXN_1027,USER_145,2026-05-10 07:11:40,2907.4,JP,Luxury,137.151.75.6,0
TXN_1028,USER_147,2026-05-05 16:42:53,2414.11,JP,Electronics,15.21.70.124,0
TXN_1029,USER_117,2026-05-21 19:18:58,4689.44,SG,Food,121.121.206.68,0
TXN_1030,USER_185,2026-05-30 13:36:25,2605.76,KR,Food,64.5.93.210,0
TXN_1031,USER_131,2026-05-01 07:22:39,705.54,JP,Food,71.27.170.171,0
TXN_1032,USER_174,2026-05-04 16:26:32,3298.82,KR,Electronics,210.196.82.28,0
TXN_1033,USER_124,2026-05-20 01:17:39,1154.92,JP,Gaming,32.142.139.95,0
TXN_1034,USER_197,2026-05-10 14:36:24,4042.22,JP,Luxury,46.243.162.74,0
TXN_1035,USER_200,2026-05-20 06:39:49,1283.55,SG,Travel,41.42.136.12,0
TXN_1036,USER_116,2026-05-10 06:18:20,4961.92,SG,Travel,21.191.216.227,0
TXN_1037,USER_147,2026-05-07 22:13:22,2596.7,JP,Luxury,5.197.85.169,0
TXN_1038,USER_174,2026-05-13 17:12:13,476.86,KR,Electronics,85.67.1.238,0
TXN_1039,USER_107,2026-05-30 09:06:43,618.18,KR,Travel,199.39.191.46,0
TXN_1040,USER_169,2026-05-24 13:49:41,4373.44,JP,Gaming,63.79.255.198,1
TXN_1041,USER_144,2026-05-10 22:23:25,2506.2,JP,Gaming,209.3.44.59,0
TXN_1042,USER_197,2026-05-09 15:47:50,3389.91,US,Gaming,67.129.237.177,0
TXN_1043,USER_187,2026-05-24 18:02:38,1002.88,SG,Travel,6.183.21.188,0
TXN_1044,USER_159,2026-05-03 18:28:37,623.15,KR,Travel,19.101.249.77,1
TXN_1045,USER_153,2026-05-05 02:22:09,2867.08,SG,Luxury,215.236.127.7,0
TXN_1046,USER_185,2026-05-19 12:07:13,3171.71,SG,Gaming,162.35.191.107,0
TXN_1047,USER_119,2026-05-01 04:50:39,2982.23,JP,Travel,165.205.110.119,0
TXN_1048,USER_167,2026-05-12 01:41:42,4097.96,GB,Gaming,65.212.64.203,1
TXN_1049,USER_177,2026-05-15 08:28:40,2656.19,KR,Electronics,209.222.192.154,0
TXN_1050,USER_193,2026-05-09 23:39:09,1874.05,SG,Food,26.166.246.221,0
TXN_1051,USER_127,2026-05-09 11:54:46,1242.96,SG,Luxury,222.190.215.208,0
TXN_1052,USER_148,2026-05-30 17:36:09,337.46,US,Food,80.37.49.210,0
TXN_1053,USER_192,2026-05-10 21:07:50,723.64,KR,Travel,134.42.39.73,0
TXN_1054,USER_155,2026-05-18 21:35:50,581.87,US,Gaming,159.14.49.45,0
TXN_1055,USER_152,2026-05-26 18:15:34,2957.76,US,Electronics,180.100.212.81,0
TXN_1056,USER_180,2026-05-31 12:24:37,4375.65,SG,Travel,120.11.126.47,0
TXN_1057,USER_165,2026-05-28 13:30:09,1250.69,KR,Food,212.106.72.13,0
TXN_1058,USER_190,2026-05-01 05:15:52,2621.15,KR,Gaming,21.213.27.14,0
TXN_1059,USER_184,2026-05-13 12:38:41,500.07,JP,Travel,179.231.61.249,0
TXN_1060,USER_163,2026-05-10 22:35:52,3898.49,JP,Electronics,138.199.189.35,0
TXN_1061,USER_197,2026-05-26 14:35:05,2573.54,SG,Travel,186.118.200.98,0
TXN_1062,USER_107,2026-05-22 06:30:25,1335.98,GB,Gaming,97.122.42.106,0
TXN_1063,USER_151,2026-05-19 17:30:29,1840.72,KR,Luxury,165.83.111.97,0
TXN_1064,USER_180,2026-05-06 16:05:21,1487.9,GB,Travel,150.234.218.123,0
TXN_1065,USER_197,2026-05-24 21:05:45,2679.5,KR,Travel,110.167.51.205,0
TXN_1066,USER_118,2026-05-18 03:27:36,868.02,SG,Electronics,8.51.152.177,0
TXN_1067,USER_196,2026-05-16 14:27:31,664.85,JP,Electronics,142.24.159.185,0
TXN_1068,USER_173,2026-05-19 00:06:30,4680.02,US,Gaming,215.245.43.204,0
TXN_1069,USER_200,2026-05-31 01:44:45,3128.71,JP,Electronics,208.242.23.65,1
TXN_1070,USER_153,2026-05-23 09:03:40,479.77,SG,Electronics,38.43.33.144,0
TXN_1071,USER_168,2026-05-01 05:50:35,2332.6,SG,Food,163.195.235.204,0
TXN_1072,USER_114,2026-05-31 02:45:49,4381.41,JP,Travel,189.30.201.30,1
TXN_1073,USER_173,2026-05-23 08:35:29,3291.03,US,Food,206.198.53.171,0
TXN_1074,USER_182,2026-05-23 15:31:03,4492.34,KR,Electronics,142.69.203.93,0
TXN_1075,USER_197,2026-05-17 11:57:15,792.27,KR,Gaming,20.239.142.112,0
TXN_1076,USER_118,2026-05-23 20:41:36,3649.78,KR,Food,212.239.92.199,0
TXN_1077,USER_166,2026-05-19 23:49:50,1884.92,SG,Travel,2.183.216.242,0
TXN_1078,USER_188,2026-05-23 03:05:22,4988.7,SG,Electronics,28.31.122.150,1
TXN_1079,USER_110,2026-05-02 00:05:22,66.45,GB,Food,162.211.110.76,0
TXN_1080,USER_102,2026-05-31 00:25:22,2214.36,SG,Luxury,115.235.188.199,0
TXN_1081,USER_105,2026-05-17 21:24:24,4985.19,US,Travel,153.72.199.213,0
TXN_1082,USER_103,2026-05-08 03:01:38,4575.51,JP,Electronics,31.166.159.23,1
TXN_1083,USER_125,2026-05-22 02:27:42,149.85,JP,Luxury,102.36.218.198,0
TXN_1084,USER_129,2026-05-26 01:24:43,4553.64,US,Electronics,203.9.1.2,0
TXN_1085,USER_199,2026-05-05 20:18:22,3031.6,US,Travel,215.61.73.216,0
TXN_1086,USER_197,2026-05-08 14:11:34,4005.81,US,Travel,27.197.216.178,0
TXN_1087,USER_146,2026-05-26 09:55:51,205.56,JP,Luxury,26.31.178.129,0
TXN_1088,USER_109,2026-05-17 17:38:23,3151.91,GB,Travel,101.39.208.187,0
TXN_1089,USER_110,2026-05-02 15:27:04,1357.44,US,Electronics,117.250.191.156,0
TXN_1090,USER_101,2026-05-16 18:55:44,3083.46,US,Gaming,49.226.117.181,0
TXN_1091,USER_178,2026-05-13 18:12:08,463.15,US,Gaming,84.250.151.117,0
TXN_1092,USER_188,2026-05-17 20:00:05,3183.86,GB,Food,100.37.63.241,0
TXN_1093,USER_154,2026-05-17 18:41:50,2892.2,KR,Electronics,58.166.113.239,0
TXN_1094,USER_170,2026-05-05 21:29:40,2544.22,US,Food,204.121.33.31,0
TXN_1095,USER_110,2026-05-31 04:12:50,1393.99,US,Luxury,138.109.201.156,0
TXN_1096,USER_116,2026-05-13 10:10:59,2062.0,GB,Food,188.55.242.150,0
TXN_1097,USER_130,2026-05-19 15:34:14,185.12,KR,Food,107.121.37.58,0
TXN_1098,USER_159,2026-05-03 22:51:36,2831.03,SG,Electronics,122.165.150.166,0
TXN_1099,USER_120,2026-05-20 02:46:59,1649.68,KR,Food,119.160.134.92,0
TXN_1100,USER_156,2026-05-30 19:33:28,3684.84,SG,Travel,29.235.217.128,0
TXN_1101,USER_125,2026-05-23 17:38:37,4000.35,SG,Luxury,116.214.98.126,0
TXN_1102,USER_187,2026-05-02 06:59:56,364.94,US,Travel,184.14.19.72,0
TXN_1103,USER_174,2026-05-18 12:34:46,869.11,KR,Luxury,15.190.231.4,0
TXN_1104,USER_142,2026-05-14 12:53:05,4283.46,JP,Luxury,159.39.61.153,0
TXN_1105,USER_151,2026-05-21 17:19:48,1827.77,US,Travel,18.254.115.197,0
TXN_1106,USER_176,2026-05-14 03:48:22,2117.69,KR,Luxury,207.164.85.3,0
TXN_1107,USER_147,2026-05-21 22:10:13,2627.82,KR,Gaming,159.42.106.213,0
TXN_1108,USER_121,2026-05-29 12:45:07,2782.07,JP,Travel,179.253.166.36,0
TXN_1109,USER_133,2026-05-16 14:09:33,1965.9,SG,Gaming,187.193.10.111,0
TXN_1110,USER_131,2026-05-15 20:54:37,757.61,SG,Gaming,55.232.240.12,0
TXN_1111,USER_120,2026-05-20 14:16:34,1463.84,KR,Food,223.150.185.126,0
TXN_1112,USER_185,2026-05-01 10:20:49,1222.12,US,Travel,191.163.142.165,0
TXN_1113,USER_162,2026-05-13 14:39:51,3815.7,GB,Gaming,162.93.190.138,0
TXN_1114,USER_134,2026-05-28 07:36:07,4223.17,KR,Food,119.196.176.217,0
TXN_1115,USER_131,2026-05-12 11:10:53,4548.21,SG,Food,27.217.98.87,0
TXN_1116,USER_152,2026-05-19 01:41:25,2659.4,SG,Gaming,5.102.255.234,0
TXN_1117,USER_101,2026-05-20 11:57:39,891.65,GB,Luxury,71.49.66.7,0
TXN_1118,USER_143,2026-05-19 20:19:20,2243.8,JP,Luxury,32.153.145.2,0
TXN_1119,USER_153,2026-05-13 21:08:52,3516.65,KR,Electronics,160.251.205.158,0
TXN_1120,USER_166,2026-05-28 05:59:31,3808.36,SG,Travel,115.184.72.245,0
TXN_1121,USER_108,2026-05-20 07:47:07,4334.67,GB,Gaming,114.187.207.112,0
TXN_1122,USER_111,2026-05-21 03:21:24,2909.59,SG,Travel,35.73.210.187,0
TXN_1123,USER_101,2026-05-31 01:56:36,1735.73,GB,Gaming,67.10.130.198,0
TXN_1124,USER_186,2026-05-30 20:39:41,4927.77,SG,Food,73.250.61.105,0
TXN_1125,USER_123,2026-05-03 07:04:43,428.67,GB,Food,121.205.68.235,0
TXN_1126,USER_106,2026-05-14 18:41:18,189.67,JP,Luxury,213.12.94.28,0
TXN_1127,USER_166,2026-05-29 21:05:02,3567.72,GB,Electronics,2.221.189.188,0
TXN_1128,USER_191,2026-05-13 04:43:00,249.57,JP,Luxury,23.159.59.218,0
TXN_1129,USER_127,2026-05-14 18:09:00,2575.57,US,Electronics,119.7.194.102,0
TXN_1130,USER_126,2026-05-22 16:39:50,3359.71,JP,Luxury,93.218.134.89,0
TXN_1131,USER_171,2026-05-25 04:01:48,1498.22,JP,Food,101.101.29.70,0
TXN_1132,USER_168,2026-05-18 00:57:03,942.03,JP,Gaming,151.87.115.183,0
TXN_1133,USER_164,2026-05-14 04:07:01,4993.72,JP,Luxury,173.104.136.35,0
TXN_1134,USER_186,2026-05-04 16:47:28,4987.91,SG,Electronics,164.152.15.100,0
TXN_1135,USER_135,2026-05-16 08:52:34,2487.1,JP,Gaming,23.93.21.18,0
TXN_1136,USER_131,2026-05-11 21:02:45,93.26,KR,Food,215.162.225.88,0
TXN_1137,USER_197,2026-05-14 22:35:03,4796.25,SG,Electronics,113.138.251.73,0
TXN_1138,USER_157,2026-05-11 17:57:01,1179.31,JP,Luxury,199.232.78.135,0
TXN_1139,USER_162,2026-05-31 12:05:25,2955.77,GB,Electronics,6.76.218.62,0
TXN_1140,USER_135,2026-05-10 06:58:24,781.43,KR,Travel,1.72.15.143,0
TXN_1141,USER_164,2026-05-08 18:26:51,3920.2,GB,Food,192.121.243.253,0
TXN_1142,USER_168,2026-05-19 06:13:54,4074.12,GB,Travel,60.201.120.48,0
TXN_1143,USER_143,2026-05-06 07:22:13,513.96,SG,Electronics,72.244.199.131,0
TXN_1144,USER_194,2026-05-29 23:22:56,184.03,SG,Travel,165.26.75.11,0
TXN_1145,USER_199,2026-05-02 14:07:44,332.32,KR,Food,59.132.202.80,0
TXN_1146,USER_164,2026-05-28 02:40:30,3366.28,SG,Luxury,174.15.229.178,1
TXN_1147,USER_150,2026-05-14 22:15:45,1513.85,KR,Luxury,52.106.38.1,0
TXN_1148,USER_117,2026-05-09 23:45:17,4314.51,US,Gaming,25.130.70.125,0
TXN_1149,USER_156,2026-05-01 21:45:37,2159.48,KR,Electronics,105.215.135.67,0
TXN_1150,USER_192,2026-05-08 02:23:22,1216.2,KR,Food,193.174.85.58,0
TXN_1151,USER_150,2026-05-24 01:29:40,150.46,KR,Food,193.182.48.39,0
TXN_1152,USER_103,2026-05-19 17:04:27,695.34,US,Travel,21.2.238.48,0
TXN_1153,USER_171,2026-05-26 07:31:08,557.59,US,Electronics,107.61.22.145,0
TXN_1154,USER_129,2026-05-08 03:39:05,19.2,SG,Travel,119.158.117.42,0
TXN_1155,USER_130,2026-05-28 19:08:51,4278.18,GB,Luxury,56.235.142.116,0
TXN_1156,USER_108,2026-05-31 00:23:11,4923.32,GB,Luxury,164.208.38.81,0
TXN_1157,USER_130,2026-05-17 23:50:26,3005.67,GB,Luxury,115.105.162.81,0
TXN_1158,USER_174,2026-05-26 12:31:02,154.02,US,Luxury,86.4.179.43,0
TXN_1159,USER_131,2026-05-21 10:24:45,3541.92,GB,Electronics,185.81.31.227,0
TXN_1160,USER_178,2026-05-05 14:04:02,634.5,SG,Gaming,150.177.15.44,0
TXN_1161,USER_127,2026-05-25 15:00:23,4958.91,SG,Gaming,207.4.141.253,0
TXN_1162,USER_158,2026-05-18 21:53:24,638.92,SG,Travel,21.225.106.137,0
TXN_1163,USER_173,2026-05-06 03:03:40,1369.57,GB,Gaming,100.152.33.75,0
TXN_1164,USER_101,2026-05-07 09:29:39,4182.04,US,Gaming,12.152.40.59,1
TXN_1165,USER_162,2026-05-27 06:27:33,1272.05,JP,Electronics,42.141.134.101,0
TXN_1166,USER_177,2026-05-24 07:14:14,3630.22,GB,Food,60.194.183.250,0
TXN_1167,USER_195,2026-05-05 15:26:22,2575.34,SG,Gaming,8.203.91.133,0
TXN_1168,USER_178,2026-05-14 06:26:20,474.89,SG,Travel,147.101.40.174,0
TXN_1169,USER_127,2026-05-15 12:47:08,4807.94,US,Gaming,153.51.235.219,0
TXN_1170,USER_135,2026-05-31 11:44:47,1064.68,JP,Food,197.187.164.224,0
TXN_1171,USER_109,2026-05-21 00:32:24,2587.51,KR,Electronics,146.187.136.199,0
TXN_1172,USER_137,2026-05-11 07:14:10,527.55,GB,Travel,156.221.220.203,1
TXN_1173,USER_144,2026-05-16 14:08:35,1025.96,US,Electronics,102.5.53.249,0
TXN_1174,USER_194,2026-05-31 15:05:19,3597.97,KR,Travel,141.101.160.82,0
TXN_1175,USER_139,2026-05-11 18:58:45,2907.04,GB,Food,3.154.147.238,0
TXN_1176,USER_134,2026-05-16 15:11:02,987.73,SG,Luxury,81.100.196.34,0
TXN_1177,USER_105,2026-05-11 07:12:03,3424.39,US,Luxury,6.244.186.62,0
TXN_1178,USER_159,2026-05-07 03:27:31,3768.76,US,Travel,77.71.122.52,0
TXN_1179,USER_106,2026-05-31 05:52:47,2612.45,US,Food,102.66.32.12,0
TXN_1180,USER_125,2026-05-01 06:23:05,4796.87,SG,Electronics,151.126.226.29,0
TXN_1181,USER_132,2026-05-08 06:07:10,1477.4,KR,Electronics,68.224.197.230,0
TXN_1182,USER_136,2026-05-04 06:17:13,4911.92,JP,Travel,132.18.104.35,0
TXN_1183,USER_143,2026-05-30 04:18:43,2766.73,KR,Gaming,183.216.190.157,0
TXN_1184,USER_109,2026-05-13 11:30:10,830.73,SG,Luxury,102.41.27.217,0
TXN_1185,USER_174,2026-05-12 14:59:51,3676.97,SG,Luxury,190.95.213.103,0
TXN_1186,USER_105,2026-05-04 10:34:46,3862.9,GB,Luxury,135.241.104.31,0
TXN_1187,USER_139,2026-05-08 05:17:03,506.48,JP,Luxury,40.216.158.46,0
TXN_1188,USER_119,2026-05-21 04:07:01,2252.05,SG,Luxury,197.181.34.217,0
TXN_1189,USER_154,2026-05-18 19:17:04,1699.91,JP,Food,161.63.85.63,0
TXN_1190,USER_108,2026-05-10 04:19:49,4700.39,US,Travel,1.199.84.132,0
TXN_1191,USER_140,2026-05-09 17:58:20,2651.08,SG,Food,185.111.92.34,0
TXN_1192,USER_109,2026-05-12 03:37:48,4761.49,US,Food,187.244.37.42,0
TXN_1193,USER_117,2026-05-12 13:12:43,1042.55,SG,Luxury,195.7.97.31,0
TXN_1194,USER_192,2026-05-05 20:51:44,1611.06,JP,Electronics,17.119.248.102,0
TXN_1195,USER_184,2026-05-17 09:18:06,940.26,SG,Travel,32.209.209.189,0
TXN_1196,USER_183,2026-05-12 11:55:56,768.62,SG,Travel,153.87.143.13,0
TXN_1197,USER_166,2026-05-29 21:15:43,3973.31,KR,Electronics,13.192.163.202,0
TXN_1198,USER_154,2026-05-26 15:32:00,4619.3,KR,Food,65.163.193.1,0
TXN_1199,USER_188,2026-05-18 03:09:45,1408.08,JP,Gaming,89.117.204.33,0
TXN_1200,USER_150,2026-05-14 10:56:23,3163.25,US,Luxury,35.235.165.82,0
TXN_1201,USER_131,2026-05-13 19:58:09,2308.19,GB,Electronics,147.153.18.121,0
TXN_1202,USER_156,2026-05-20 00:45:21,1716.85,JP,Gaming,21.173.252.215,0
TXN_1203,USER_129,2026-05-19 02:14:39,2250.92,US,Travel,167.191.71.252,0
TXN_1204,USER_118,2026-05-15 00:56:00,3301.68,SG,Luxury,81.242.182.94,0
TXN_1205,USER_190,2026-05-23 18:38:00,2018.69,GB,Food,34.184.150.130,0
TXN_1206,USER_119,2026-05-23 11:28:39,2099.41,JP,Electronics,90.87.178.104,0
TXN_1207,USER_183,2026-05-15 09:29:22,633.41,SG,Gaming,73.170.33.167,0
TXN_1208,USER_189,2026-05-23 17:24:04,103.73,GB,Luxury,180.50.41.198,0
TXN_1209,USER_192,2026-05-30 03:09:38,1237.17,JP,Electronics,39.33.223.70,0
TXN_1210,USER_129,2026-05-24 17:49:26,1421.19,US,Electronics,204.233.189.52,0
TXN_1211,USER_177,2026-05-30 18:40:17,3508.45,SG,Travel,130.156.190.65,0
TXN_1212,USER_172,2026-05-10 12:56:18,1605.85,GB,Travel,116.102.112.175,0
TXN_1213,USER_171,2026-05-17 21:05:21,2003.31,US,Travel,215.156.92.113,0
TXN_1214,USER_133,2026-05-06 11:17:14,4270.65,JP,Luxury,192.139.180.125,0
TXN_1215,USER_181,2026-05-14 17:25:15,1673.89,GB,Luxury,90.233.244.235,0
TXN_1216,USER_103,2026-05-10 19:08:12,4891.13,JP,Electronics,223.195.59.194,0
TXN_1217,USER_170,2026-05-04 06:18:06,2284.98,SG,Luxury,136.165.162.74,0
TXN_1218,USER_137,2026-05-10 11:12:14,2931.88,KR,Food,64.56.168.208,0
TXN_1219,USER_137,2026-05-10 00:17:02,842.66,JP,Gaming,9.86.116.203,0
TXN_1220,USER_170,2026-05-05 03:55:15,695.95,JP,Electronics,135.29.29.100,0
TXN_1221,USER_195,2026-05-14 23:14:47,966.99,JP,Gaming,6.108.102.158,0
TXN_1222,USER_164,2026-05-28 05:02:04,4904.2,JP,Gaming,210.35.150.201,0
TXN_1223,USER_123,2026-05-08 17:34:55,4424.82,KR,Electronics,101.28.181.212,0
TXN_1224,USER_151,2026-05-18 20:16:18,2120.36,US,Food,55.128.75.175,0
TXN_1225,USER_103,2026-05-25 16:34:36,4960.25,GB,Travel,8.132.27.25,0
TXN_1226,USER_133,2026-05-22 04:26:47,4883.44,GB,Luxury,67.118.45.108,0
TXN_1227,USER_177,2026-05-07 12:13:34,3362.96,US,Luxury,73.201.174.212,0
TXN_1228,USER_140,2026-05-29 02:08:22,2086.25,JP,Luxury,53.191.182.204,0
TXN_1229,USER_127,2026-05-06 04:32:19,4465.69,SG,Gaming,128.225.234.25,0
TXN_1230,USER_129,2026-05-11 02:27:53,2671.53,US,Gaming,114.13.58.1,0
TXN_1231,USER_110,2026-05-03 16:35:43,3874.25,SG,Gaming,76.166.191.210,0
TXN_1232,USER_107,2026-05-11 14:36:01,738.58,US,Travel,60.210.141.137,0
TXN_1233,USER_143,2026-05-15 02:21:58,468.32,JP,Luxury,122.188.150.66,0
TXN_1234,USER_154,2026-05-11 03:30:17,2523.37,GB,Electronics,160.118.79.94,0
TXN_1235,USER_165,2026-05-13 18:13:23,1045.85,KR,Electronics,215.30.194.22,0
TXN_1236,USER_105,2026-05-11 10:54:43,880.86,US,Travel,14.102.178.252,0
TXN_1237,USER_118,2026-05-27 11:09:24,3269.43,US,Food,205.100.47.223,0
TXN_1238,USER_146,2026-05-30 13:00:50,4364.93,JP,Gaming,138.56.121.167,0
TXN_1239,USER_101,2026-05-30 08:15:19,3674.95,KR,Food,167.141.98.211,0
TXN_1240,USER_154,2026-05-12 12:02:58,137.76,GB,Gaming,208.153.95.124,0
TXN_1241,USER_126,2026-05-20 04:40:11,2096.19,KR,Electronics,24.211.89.143,0
TXN_1242,USER_114,2026-05-05 21:22:12,1357.13,KR,Food,37.80.115.144,0
TXN_1243,USER_137,2026-05-20 19:41:46,335.07,GB,Gaming,3.54.153.228,0
TXN_1244,USER_184,2026-05-24 23:30:52,863.94,GB,Travel,22.120.212.121,0
TXN_1245,USER_135,2026-05-27 01:18:41,302.14,JP,Luxury,106.149.118.50,0
TXN_1246,USER_120,2026-05-08 18:17:11,1074.39,US,Gaming,93.52.26.108,1
TXN_1247,USER_166,2026-05-17 03:57:10,677.79,US,Travel,41.82.88.92,0
TXN_1248,USER_135,2026-05-08 13:45:34,1790.06,US,Luxury,208.156.107.53,0
TXN_1249,USER_170,2026-05-25 20:02:09,4648.68,JP,Gaming,168.27.13.30,0
TXN_1250,USER_120,2026-05-15 06:06:54,614.23,GB,Travel,215.193.26.209,0
TXN_1251,USER_145,2026-05-22 10:50:22,4983.4,SG,Gaming,47.102.15.83,0
TXN_1252,USER_192,2026-05-15 12:29:32,2886.42,JP,Travel,207.43.205.249,0
TXN_1253,USER_129,2026-05-11 02:38:53,2470.89,SG,Travel,214.97.206.101,0
TXN_1254,USER_166,2026-05-25 15:20:20,644.62,SG,Luxury,49.49.251.27,0
TXN_1255,USER_158,2026-05-25 18:06:11,2948.71,JP,Luxury,149.104.112.110,0
TXN_1256,USER_181,2026-05-25 19:42:06,4634.21,GB,Travel,163.100.197.84,0
TXN_1257,USER_139,2026-05-09 09:34:15,2841.83,SG,Food,65.168.89.141,0
TXN_1258,USER_108,2026-05-12 11:08:40,1731.93,KR,Luxury,119.24.78.43,0
TXN_1259,USER_187,2026-05-16 12:28:56,1948.54,GB,Luxury,175.144.194.192,0
TXN_1260,USER_198,2026-05-17 12:07:46,4134.82,KR,Travel,41.152.26.170,0
TXN_1261,USER_185,2026-05-31 18:17:52,4727.87,US,Luxury,24.236.235.148,0
TXN_1262,USER_194,2026-05-31 08:17:51,197.52,US,Electronics,204.144.21.7,0
TXN_1263,USER_124,2026-05-11 09:39:59,4261.47,GB,Food,46.119.115.2,0
TXN_1264,USER_189,2026-05-18 14:27:06,1656.93,GB,Travel,221.95.217.144,0
TXN_1265,USER_144,2026-05-02 19:21:12,807.14,KR,Electronics,34.127.55.137,0
TXN_1266,USER_180,2026-05-08 11:05:21,4818.08,JP,Travel,190.48.238.151,0
TXN_1267,USER_112,2026-05-30 19:50:42,1875.45,JP,Gaming,87.207.129.123,0
TXN_1268,USER_173,2026-05-16 02:14:01,3160.04,GB,Electronics,203.108.239.94,1
TXN_1269,USER_189,2026-05-04 23:04:03,596.4,SG,Electronics,50.214.17.73,0
TXN_1270,USER_107,2026-05-22 21:20:23,4372.3,KR,Gaming,210.133.129.118,0
TXN_1271,USER_163,2026-05-14 10:36:28,821.14,GB,Electronics,26.96.202.158,0
TXN_1272,USER_197,2026-05-05 05:27:32,2311.33,US,Food,208.54.114.36,0
TXN_1273,USER_119,2026-05-18 19:13:35,1723.98,US,Gaming,115.242.50.103,0
TXN_1274,USER_125,2026-05-07 23:06:26,4872.21,JP,Gaming,130.166.253.222,0
TXN_1275,USER_114,2026-05-28 09:49:20,2147.99,GB,Food,82.9.52.136,0
TXN_1276,USER_167,2026-05-12 10:47:28,4793.74,JP,Gaming,46.180.139.77,0
TXN_1277,USER_132,2026-05-17 04:25:51,230.35,JP,Travel,170.214.233.30,0
TXN_1278,USER_149,2026-05-22 12:55:13,4174.36,SG,Gaming,162.136.17.233,1
TXN_1279,USER_180,2026-05-28 00:12:05,1989.18,SG,Food,221.16.44.247,0
TXN_1280,USER_152,2026-05-09 22:51:12,950.87,KR,Luxury,45.246.51.24,0
TXN_1281,USER_155,2026-05-21 21:24:34,3540.68,JP,Travel,29.249.158.214,0
TXN_1282,USER_193,2026-05-12 05:17:59,639.04,JP,Electronics,67.139.99.139,0
TXN_1283,USER_144,2026-05-30 22:14:18,4859.16,JP,Electronics,171.123.116.116,0
TXN_1284,USER_120,2026-05-27 17:44:12,1811.19,KR,Luxury,26.22.185.20,0
TXN_1285,USER_120,2026-05-18 14:44:40,2233.13,GB,Travel,187.156.22.9,0
TXN_1286,USER_129,2026-05-10 18:31:25,1033.07,US,Travel,183.55.98.132,0
TXN_1287,USER_105,2026-05-21 14:13:01,4886.08,JP,Luxury,126.12.90.40,0
TXN_1288,USER_115,2026-05-29 22:05:32,979.65,US,Food,82.233.66.137,0
TXN_1289,USER_151,2026-05-21 11:06:24,1013.33,GB,Travel,193.158.166.220,0
TXN_1290,USER_112,2026-05-20 08:54:15,1742.76,JP,Gaming,106.57.104.112,0
TXN_1291,USER_133,2026-05-20 05:58:01,1894.66,JP,Electronics,28.138.108.47,0
TXN_1292,USER_117,2026-05-20 02:38:16,2020.19,KR,Food,181.58.196.184,0
TXN_1293,USER_177,2026-05-28 23:34:36,4683.67,US,Gaming,184.27.150.127,0
TXN_1294,USER_110,2026-05-25 14:33:35,2543.42,KR,Food,62.254.25.124,1
TXN_1295,USER_198,2026-05-16 21:22:22,2111.72,SG,Gaming,164.151.61.58,0
TXN_1296,USER_160,2026-05-23 07:26:31,258.91,GB,Travel,4.120.126.228,0
TXN_1297,USER_181,2026-05-09 18:26:14,306.35,SG,Travel,161.165.191.199,0
TXN_1298,USER_120,2026-05-29 00:07:33,3191.49,SG,Travel,172.161.77.89,0
TXN_1299,USER_193,2026-05-14 11:41:28,3360.91,GB,Travel,158.94.153.108,0
TXN_1300,USER_105,2026-05-20 12:02:52,2531.28,JP,Electronics,110.117.136.55,0
TXN_1301,USER_139,2026-05-19 12:53:16,660.12,GB,Gaming,84.160.29.190,0
TXN_1302,USER_157,2026-05-07 23:06:45,1366.57,JP,Gaming,23.244.205.40,0
TXN_1303,USER_133,2026-05-09 18:19:14,1460.19,US,Food,43.226.186.194,0
TXN_1304,USER_176,2026-05-06 06:05:27,880.03,GB,Luxury,176.122.205.38,0
TXN_1305,USER_139,2026-05-13 01:28:32,1545.12,KR,Gaming,158.140.212.180,0
TXN_1306,USER_127,2026-05-29 11:44:58,2408.21,SG,Electronics,130.191.27.208,1
TXN_1307,USER_128,2026-05-07 09:19:52,4103.68,SG,Luxury,76.92.46.45,0
TXN_1308,USER_102,2026-05-09 09:28:54,1963.34,JP,Luxury,203.192.44.80,1
TXN_1309,USER_102,2026-05-06 16:33:43,658.8,KR,Food,157.77.220.94,0
TXN_1310,USER_106,2026-05-28 22:11:34,3816.96,KR,Travel,82.127.160.164,0
TXN_1311,USER_148,2026-05-01 17:36:33,4994.15,JP,Electronics,99.227.213.231,0
TXN_1312,USER_177,2026-05-16 15:11:05,2307.35,GB,Gaming,159.4.148.122,0
TXN_1313,USER_146,2026-05-15 12:41:49,2039.78,SG,Food,171.141.164.213,0
TXN_1314,USER_120,2026-05-31 16:11:49,1129.76,US,Electronics,16.217.197.253,0
TXN_1315,USER_117,2026-05-21 16:56:58,4450.05,JP,Luxury,29.102.191.69,0
TXN_1316,USER_144,2026-05-26 11:51:39,4694.33,GB,Luxury,222.142.157.76,0
TXN_1317,USER_175,2026-05-07 16:17:06,979.95,US,Gaming,141.243.195.103,0
TXN_1318,USER_168,2026-05-02 20:11:43,3408.24,JP,Gaming,165.44.57.207,0
TXN_1319,USER_177,2026-05-31 08:28:19,4566.86,KR,Gaming,67.173.255.207,0
TXN_1320,USER_135,2026-05-14 00:40:48,1384.66,KR,Travel,126.67.1.110,0
TXN_1321,USER_178,2026-05-31 13:35:06,1268.91,SG,Electronics,136.197.148.97,0
TXN_1322,USER_168,2026-05-23 20:58:57,1069.31,JP,Gaming,128.146.93.253,0
TXN_1323,USER_190,2026-05-28 08:55:22,1043.95,US,Food,163.207.196.23,0
TXN_1324,USER_116,2026-05-05 08:24:33,3736.64,KR,Luxury,53.48.44.50,0
TXN_1325,USER_175,2026-05-18 11:53:37,2399.69,SG,Travel,118.164.189.176,0
TXN_1326,USER_166,2026-05-05 03:53:29,2062.16,JP,Food,55.236.18.63,0
TXN_1327,USER_197,2026-05-31 18:47:24,3774.09,GB,Gaming,93.119.33.51,0
TXN_1328,USER_124,2026-05-06 09:16:24,2321.82,US,Luxury,43.203.54.231,0
TXN_1329,USER_161,2026-05-17 16:54:30,1333.82,JP,Luxury,27.65.70.35,0
TXN_1330,USER_193,2026-05-01 17:33:55,2013.23,JP,Luxury,90.216.161.102,0
TXN_1331,USER_179,2026-05-08 22:20:09,813.9,US,Electronics,97.200.41.54,0
TXN_1332,USER_125,2026-05-13 04:11:26,4255.73,JP,Travel,17.58.133.13,0
TXN_1333,USER_110,2026-05-08 03:20:44,4863.65,KR,Electronics,120.194.154.33,1
TXN_1334,USER_111,2026-05-04 18:35:34,4692.86,GB,Electronics,218.112.14.223,0
TXN_1335,USER_105,2026-05-06 19:21:22,3725.13,SG,Travel,36.191.158.74,0
TXN_1336,USER_131,2026-05-14 03:09:55,1195.5,US,Food,150.129.129.148,0
TXN_1337,USER_197,2026-05-27 14:07:34,3935.52,KR,Travel,178.63.198.188,0
TXN_1338,USER_180,2026-05-09 23:23:20,2617.84,GB,Gaming,76.203.116.244,0
TXN_1339,USER_116,2026-05-01 05:55:21,4589.71,GB,Travel,88.90.91.163,0
TXN_1340,USER_123,2026-05-21 10:30:51,4933.21,SG,Gaming,134.105.157.223,0
TXN_1341,USER_161,2026-05-04 00:24:34,3940.03,KR,Luxury,137.250.122.225,0
TXN_1342,USER_121,2026-05-25 04:17:14,3852.11,KR,Luxury,53.155.75.168,0
TXN_1343,USER_146,2026-05-29 23:31:26,127.13,JP,Luxury,205.182.81.144,0
TXN_1344,USER_146,2026-05-19 18:26:29,280.77,SG,Luxury,183.221.192.8,0
TXN_1345,USER_136,2026-05-27 01:52:22,157.39,KR,Electronics,121.65.134.221,0
TXN_1346,USER_130,2026-05-07 22:07:38,4429.1,GB,Luxury,123.136.104.198,0
TXN_1347,USER_141,2026-05-25 18:29:31,1157.58,KR,Gaming,76.245.113.181,0
TXN_1348,USER_193,2026-05-04 08:17:51,3721.25,GB,Food,23.121.31.115,0
TXN_1349,USER_102,2026-05-02 21:29:36,1011.67,GB,Travel,187.207.14.89,0
TXN_1350,USER_127,2026-05-31 02:41:02,709.43,SG,Travel,38.231.173.235,0
TXN_1351,USER_130,2026-05-26 14:33:12,849.83,KR,Luxury,30.23.47.31,0
TXN_1352,USER_109,2026-05-12 19:02:10,4949.17,US,Gaming,7.33.135.211,0
TXN_1353,USER_104,2026-05-23 18:45:36,3873.21,SG,Electronics,92.225.78.163,0
TXN_1354,USER_142,2026-05-28 03:14:58,3446.89,KR,Food,158.88.42.119,1
TXN_1355,USER_179,2026-05-03 02:45:34,3983.88,US,Luxury,95.39.193.63,0
TXN_1356,USER_196,2026-05-25 18:50:51,1654.36,JP,Electronics,145.219.225.20,0
TXN_1357,USER_176,2026-05-10 03:57:41,3208.29,GB,Luxury,101.176.166.232,1
TXN_1358,USER_125,2026-05-04 10:59:00,2846.32,KR,Luxury,76.141.72.158,0
TXN_1359,USER_193,2026-05-14 19:16:44,3119.61,GB,Gaming,74.177.158.172,0
TXN_1360,USER_176,2026-05-18 08:18:57,374.98,GB,Food,12.104.111.23,0
TXN_1361,USER_184,2026-05-31 21:05:22,2207.61,KR,Electronics,172.60.216.211,0
TXN_1362,USER_197,2026-05-19 03:40:03,3761.51,JP,Food,121.127.21.158,1
TXN_1363,USER_196,2026-05-23 08:45:20,2461.6,JP,Food,144.154.255.188,0
TXN_1364,USER_167,2026-05-04 17:17:00,2580.86,US,Food,115.235.85.126,0
TXN_1365,USER_152,2026-05-18 06:41:40,4811.19,SG,Food,132.46.109.56,0
TXN_1366,USER_165,2026-05-05 11:10:24,7.84,US,Food,82.196.137.187,0
TXN_1367,USER_198,2026-05-22 23:50:56,2852.06,US,Gaming,24.240.247.43,0
TXN_1368,USER_140,2026-05-13 10:52:14,1634.56,GB,Electronics,69.105.74.193,0
TXN_1369,USER_195,2026-05-05 17:51:28,4529.43,KR,Food,35.193.125.216,0
TXN_1370,USER_173,2026-05-12 03:50:09,1123.61,JP,Luxury,79.64.174.67,0
TXN_1371,USER_101,2026-05-29 03:24:58,4934.83,KR,Travel,25.134.87.163,1
TXN_1372,USER_133,2026-05-23 08:58:19,4665.0,JP,Luxury,85.135.171.212,0
TXN_1373,USER_125,2026-05-07 23:17:37,2201.85,KR,Travel,101.252.235.231,0
TXN_1374,USER_104,2026-05-19 00:53:16,1349.31,GB,Luxury,143.140.20.143,0
TXN_1375,USER_142,2026-05-06 09:45:09,3185.17,SG,Food,152.191.206.85,0
TXN_1376,USER_144,2026-05-14 03:30:45,640.49,KR,Gaming,119.217.252.114,0
TXN_1377,USER_199,2026-05-02 17:54:34,3797.91,KR,Food,40.5.249.81,0
TXN_1378,USER_190,2026-05-04 11:20:09,3281.08,US,Luxury,154.16.2.14,0
TXN_1379,USER_103,2026-05-29 14:48:27,113.51,SG,Travel,23.39.132.155,0
TXN_1380,USER_139,2026-05-08 02:17:25,2217.04,SG,Gaming,101.205.160.227,0
TXN_1381,USER_160,2026-05-04 21:52:17,897.13,US,Travel,76.140.174.39,0
TXN_1382,USER_115,2026-05-28 19:38:49,3301.63,KR,Electronics,44.153.245.243,0
TXN_1383,USER_193,2026-05-28 00:12:05,1504.86,SG,Food,173.92.189.58,0
TXN_1384,USER_149,2026-05-23 17:56:38,1764.3,US,Electronics,81.4.83.112,0
TXN_1385,USER_164,2026-05-17 20:31:39,3053.97,GB,Electronics,117.207.56.181,0
TXN_1386,USER_163,2026-05-02 10:06:29,2377.74,US,Electronics,155.62.45.11,0
TXN_1387,USER_117,2026-05-27 19:23:14,2277.2,KR,Food,19.45.35.210,0
TXN_1388,USER_161,2026-05-18 14:09:32,1010.73,JP,Travel,119.4.77.235,0
TXN_1389,USER_188,2026-05-17 01:39:06,65.2,JP,Electronics,160.248.50.231,0
TXN_1390,USER_179,2026-05-08 05:04:18,2753.87,JP,Gaming,15.217.15.156,0
TXN_1391,USER_164,2026-05-30 02:02:08,2089.18,GB,Food,112.39.169.188,0
TXN_1392,USER_119,2026-05-22 23:23:16,3650.25,US,Travel,117.120.185.130,0
TXN_1393,USER_114,2026-05-17 21:17:24,4847.45,KR,Electronics,6.94.248.45,0
TXN_1394,USER_160,2026-05-12 16:29:14,2322.29,KR,Travel,117.187.25.55,0
TXN_1395,USER_120,2026-05-30 08:27:49,1894.11,JP,Travel,176.61.150.158,0
TXN_1396,USER_169,2026-05-24 13:41:41,1293.18,SG,Electronics,144.252.138.39,1
TXN_1397,USER_186,2026-05-14 23:27:21,3372.6,US,Luxury,70.18.106.121,0
TXN_1398,USER_152,2026-05-24 09:20:07,1429.19,GB,Luxury,6.216.187.133,0
TXN_1399,USER_181,2026-05-10 20:12:45,2234.72,JP,Travel,57.166.48.30,0
TXN_1400,USER_129,2026-05-11 22:38:55,2448.88,JP,Gaming,61.39.47.175,0
TXN_1401,USER_146,2026-05-05 02:43:39,1436.54,US,Gaming,47.112.176.106,0
TXN_1402,USER_143,2026-05-17 19:02:12,1401.78,SG,Gaming,153.157.78.95,0
TXN_1403,USER_142,2026-05-11 04:33:12,547.79,GB,Gaming,101.63.85.116,0
TXN_1404,USER_101,2026-05-11 00:51:01,4052.46,KR,Luxury,189.135.52.151,0
TXN_1405,USER_176,2026-05-05 11:49:37,2578.09,US,Luxury,191.107.188.26,0
TXN_1406,USER_133,2026-05-04 00:16:52,4712.31,GB,Gaming,219.153.63.195,0
TXN_1407,USER_151,2026-05-29 00:29:54,3938.84,KR,Electronics,61.237.251.250,0
TXN_1408,USER_196,2026-05-23 20:25:15,2227.46,US,Food,120.37.203.86,0
TXN_1409,USER_108,2026-05-03 20:21:09,86.07,JP,Food,23.215.131.83,0
TXN_1410,USER_102,2026-05-01 02:20:36,1427.25,SG,Gaming,47.13.185.241,0
TXN_1411,USER_105,2026-05-31 13:06:15,2522.8,KR,Gaming,123.108.2.237,0
TXN_1412,USER_198,2026-05-23 15:22:14,4855.82,SG,Luxury,197.129.185.219,0
TXN_1413,USER_142,2026-05-06 01:30:54,1401.04,SG,Travel,193.99.84.135,0
TXN_1414,USER_171,2026-05-29 06:25:54,936.48,JP,Luxury,45.7.103.100,0
TXN_1415,USER_147,2026-05-18 10:54:55,3401.77,KR,Gaming,114.172.95.67,0
TXN_1416,USER_101,2026-05-09 01:39:13,1747.56,JP,Electronics,103.119.167.92,1
TXN_1417,USER_127,2026-05-04 03:10:09,2861.89,JP,Luxury,10.230.109.88,0
TXN_1418,USER_156,2026-05-23 23:28:26,2475.53,US,Gaming,213.61.173.190,0
TXN_1419,USER_191,2026-05-11 15:55:26,4035.69,US,Travel,51.155.38.181,0
TXN_1420,USER_149,2026-05-13 21:24:19,4964.08,GB,Luxury,118.41.28.132,0
TXN_1421,USER_145,2026-05-26 14:06:08,893.67,SG,Electronics,78.3.18.236,0
TXN_1422,USER_195,2026-05-19 18:13:18,202.6,KR,Gaming,170.61.85.70,0
TXN_1423,USER_128,2026-05-26 13:26:37,1400.38,US,Gaming,204.96.107.98,0
TXN_1424,USER_133,2026-05-31 09:16:54,1642.98,KR,Gaming,135.6.57.52,0
TXN_1425,USER_136,2026-05-10 00:52:03,4954.09,GB,Travel,11.129.204.136,0
TXN_1426,USER_107,2026-05-29 22:22:58,3870.83,KR,Electronics,164.216.122.228,0
TXN_1427,USER_172,2026-05-06 06:21:17,3835.54,SG,Travel,171.78.17.237,0
TXN_1428,USER_145,2026-05-16 06:39:24,4971.37,US,Electronics,9.23.70.167,0
TXN_1429,USER_174,2026-05-05 03:15:59,3852.08,US,Electronics,180.154.132.218,0
TXN_1430,USER_198,2026-05-11 18:55:54,1383.24,US,Food,190.10.168.114,0
TXN_1431,USER_186,2026-05-15 08:10:33,1966.71,KR,Food,11.225.47.69,0
TXN_1432,USER_176,2026-05-27 16:39:48,2132.72,JP,Luxury,166.128.13.107,0
TXN_1433,USER_105,2026-05-15 11:59:18,2515.88,KR,Gaming,171.90.155.144,0
TXN_1434,USER_167,2026-05-18 02:06:23,773.88,SG,Travel,2.200.127.246,0
TXN_1435,USER_193,2026-05-18 22:13:51,714.81,JP,Food,125.43.58.208,0
TXN_1436,USER_117,2026-05-10 09:40:36,1320.93,SG,Travel,210.29.90.144,0
TXN_1437,USER_134,2026-05-12 21:09:53,298.95,GB,Food,41.208.3.18,0
TXN_1438,USER_107,2026-05-16 18:34:27,1296.49,SG,Electronics,85.30.102.239,0
TXN_1439,USER_127,2026-05-09 02:21:36,933.94,JP,Luxury,27.150.85.183,0
TXN_1440,USER_172,2026-05-16 05:17:46,785.68,SG,Gaming,161.255.195.116,0
TXN_1441,USER_178,2026-05-10 17:58:11,2414.47,JP,Travel,206.22.229.29,0
TXN_1442,USER_133,2026-05-19 02:51:00,947.58,JP,Luxury,153.115.188.106,0
TXN_1443,USER_186,2026-05-10 12:56:51,4492.39,US,Luxury,107.180.156.18,0
TXN_1444,USER_111,2026-05-19 07:44:50,3270.38,US,Luxury,132.167.114.24,0
TXN_1445,USER_141,2026-05-25 18:40:31,3743.83,JP,Travel,109.34.217.82,0
TXN_1446,USER_147,2026-05-21 02:36:54,4319.18,JP,Luxury,187.15.120.94,1
TXN_1447,USER_119,2026-05-17 20:16:59,1932.68,KR,Gaming,156.67.78.160,0
TXN_1448,USER_166,2026-05-06 16:35:12,1730.19,JP,Food,223.197.4.97,1
TXN_1449,USER_159,2026-05-03 18:27:37,4831.18,US,Food,28.232.233.202,1
TXN_1450,USER_200,2026-05-11 21:36:41,2148.35,US,Electronics,121.252.204.117,0
TXN_1451,USER_104,2026-05-01 14:01:39,2812.24,US,Gaming,158.192.7.129,0
TXN_1452,USER_160,2026-05-03 12:14:42,4347.46,GB,Electronics,207.156.114.192,0
TXN_1453,USER_105,2026-05-19 07:35:03,4345.92,JP,Gaming,23.142.181.55,0
TXN_1454,USER_124,2026-05-03 02:24:16,3243.75,SG,Food,5.48.229.87,1
TXN_1455,USER_170,2026-05-22 20:10:46,1025.78,GB,Gaming,111.227.182.195,0
TXN_1456,USER_120,2026-05-03 13:57:03,1465.1,US,Travel,37.181.150.156,0
TXN_1457,USER_170,2026-05-07 15:42:06,1499.13,KR,Gaming,17.186.157.11,0
TXN_1458,USER_199,2026-05-28 20:53:06,3648.83,US,Travel,70.193.53.120,0
TXN_1459,USER_110,2026-05-08 10:38:25,2183.5,SG,Luxury,176.133.143.110,0
TXN_1460,USER_183,2026-05-10 01:49:38,2985.04,SG,Gaming,88.98.0.46,0
TXN_1461,USER_128,2026-05-24 15:04:04,1440.93,KR,Gaming,23.195.211.127,0
TXN_1462,USER_196,2026-05-20 01:54:18,167.8,JP,Gaming,6.103.190.21,0
TXN_1463,USER_113,2026-05-10 01:59:02,630.83,KR,Gaming,30.146.107.127,0
TXN_1464,USER_132,2026-05-26 19:07:01,1886.79,SG,Travel,69.35.188.109,0
TXN_1465,USER_184,2026-05-03 23:19:18,4341.84,GB,Luxury,124.145.167.18,0
TXN_1466,USER_152,2026-05-11 01:41:12,350.35,US,Electronics,212.73.2.184,0
TXN_1467,USER_171,2026-05-01 01:09:02,4313.43,US,Travel,17.22.77.7,0
TXN_1468,USER_174,2026-05-28 12:54:16,4268.88,US,Luxury,105.140.196.109,0
TXN_1469,USER_103,2026-05-09 20:04:00,2447.05,GB,Food,199.253.102.39,0
TXN_1470,USER_130,2026-05-18 17:41:21,263.49,JP,Food,22.226.28.169,0
TXN_1471,USER_183,2026-05-29 11:27:37,1320.27,GB,Food,14.93.89.133,0
TXN_1472,USER_170,2026-05-09 05:01:53,1637.86,SG,Luxury,171.64.221.93,0
TXN_1473,USER_122,2026-05-02 06:16:41,4361.16,US,Electronics,129.34.115.177,0
TXN_1474,USER_144,2026-05-30 23:32:29,1191.49,JP,Gaming,128.2.29.13,0
TXN_1475,USER_134,2026-05-10 03:50:34,139.42,GB,Electronics,24.18.217.151,0
TXN_1476,USER_157,2026-05-11 15:22:27,1799.23,GB,Gaming,69.152.50.252,0
TXN_1477,USER_151,2026-05-31 02:31:49,951.51,KR,Gaming,88.142.156.152,0
TXN_1478,USER_147,2026-05-07 20:44:09,3766.6,GB,Travel,87.206.52.63,0
TXN_1479,USER_188,2026-05-17 07:53:53,1490.57,SG,Luxury,120.238.138.174,0
TXN_1480,USER_120,2026-05-29 04:01:00,2087.48,JP,Food,205.124.89.28,0
TXN_1481,USER_114,2026-05-13 01:57:39,2640.54,KR,Gaming,190.238.195.32,0
TXN_1482,USER_184,2026-05-04 01:07:27,3827.78,US,Gaming,35.230.237.185,0
TXN_1483,USER_185,2026-05-04 06:53:32,3460.78,US,Electronics,59.193.15.211,0
TXN_1484,USER_147,2026-05-28 15:33:39,2932.95,GB,Luxury,206.178.48.244,0
TXN_1485,USER_142,2026-05-02 20:02:54,3323.4,SG,Food,150.193.97.254,0
TXN_1486,USER_170,2026-05-16 10:51:48,1016.01,US,Food,76.123.214.146,0
TXN_1487,USER_186,2026-05-02 19:13:25,2024.36,US,Food,169.149.88.167,0
TXN_1488,USER_129,2026-05-20 06:20:34,3209.53,GB,Electronics,179.159.242.137,0
TXN_1489,USER_111,2026-05-01 18:42:09,510.46,GB,Luxury,189.135.249.222,0
TXN_1490,USER_140,2026-05-18 04:47:46,456.59,GB,Food,41.56.3.187,0
TXN_1491,USER_197,2026-05-28 21:10:30,2969.31,JP,Food,66.86.186.114,0
TXN_1492,USER_137,2026-05-26 22:57:19,3617.99,JP,Food,60.94.84.13,0
TXN_1493,USER_117,2026-05-25 06:22:54,969.16,US,Luxury,205.241.97.129,0
TXN_1494,USER_123,2026-05-31 13:21:35,533.22,KR,Luxury,9.208.218.98,0
TXN_1495,USER_158,2026-05-26 22:16:16,4014.51,GB,Gaming,206.155.230.244,0
TXN_1496,USER_166,2026-05-06 16:39:12,259.47,KR,Travel,208.226.166.133,1
TXN_1497,USER_175,2026-05-31 17:39:23,1062.65,SG,Travel,152.127.50.9,0
TXN_1498,USER_150,2026-05-20 10:43:07,4752.73,GB,Travel,160.70.216.14,0
TXN_1499,USER_106,2026-05-19 13:34:27,4685.63,JP,Food,175.164.225.118,0
TXN_1500,USER_126,2026-05-22 03:51:24,601.64,SG,Gaming,157.59.81.213,0
TXN_1501,USER_192,2026-05-12 03:58:33,1137.36,US,Food,222.55.89.42,0
TXN_1502,USER_178,2026-05-13 08:23:39,1843.63,SG,Electronics,66.233.111.39,0
TXN_1503,USER_195,2026-05-30 20:14:52,4512.94,JP,Travel,57.161.137.158,0
TXN_1504,USER_104,2026-05-20 02:38:03,54.36,GB,Travel,203.149.44.199,0
TXN_1505,USER_181,2026-05-05 10:36:28,66.92,KR,Food,71.129.0.111,0
TXN_1506,USER_114,2026-05-17 02:34:05,1252.88,KR,Food,198.96.11.247,0
TXN_1507,USER_194,2026-05-14 18:33:26,1601.73,US,Luxury,123.139.62.127,0
TXN_1508,USER_133,2026-05-04 09:08:58,4750.26,GB,Luxury,123.177.254.7,0
TXN_1509,USER_188,2026-05-08 09:17:57,2321.28,KR,Gaming,182.158.157.173,0
TXN_1510,USER_168,2026-05-04 13:51:50,2585.29,GB,Electronics,73.101.121.11,0
TXN_1511,USER_109,2026-05-23 12:10:31,3276.7,US,Travel,85.4.168.142,0
TXN_1512,USER_138,2026-05-20 20:24:25,4134.74,GB,Food,36.158.66.177,0
TXN_1513,USER_114,2026-05-25 19:59:04,615.84,JP,Travel,85.6.73.213,0
TXN_1514,USER_136,2026-05-12 00:06:44,977.17,US,Gaming,135.113.221.85,0
TXN_1515,USER_109,2026-05-07 08:13:34,2258.2,US,Food,191.196.163.227,0
TXN_1516,USER_182,2026-05-25 04:28:48,626.43,GB,Luxury,164.233.126.23,0
TXN_1517,USER_157,2026-05-12 11:26:59,4712.81,SG,Travel,98.105.214.170,0
TXN_1518,USER_150,2026-05-17 04:38:54,3768.54,SG,Gaming,23.36.118.157,0
TXN_1519,USER_106,2026-05-25 22:00:10,3331.93,KR,Luxury,68.226.235.209,0
TXN_1520,USER_109,2026-05-17 08:50:12,3865.61,SG,Luxury,31.126.76.51,0
TXN_1521,USER_192,2026-05-12 16:03:06,4116.22,JP,Travel,79.224.232.244,0
TXN_1522,USER_191,2026-05-11 21:08:46,4659.46,KR,Food,34.108.182.143,0
TXN_1523,USER_167,2026-05-11 17:01:51,1446.32,KR,Luxury,222.21.150.127,0
TXN_1524,USER_170,2026-05-26 19:58:41,3152.61,JP,Food,42.109.61.118,0
TXN_1525,USER_172,2026-05-20 01:40:29,599.15,KR,Electronics,185.194.253.147,0
TXN_1526,USER_183,2026-05-09 21:23:43,1458.8,JP,Travel,76.186.236.203,0
TXN_1527,USER_118,2026-05-01 03:42:55,2979.32,GB,Food,53.208.100.190,0
TXN_1528,USER_141,2026-05-03 02:00:37,1186.3,SG,Food,120.27.195.58,0
TXN_1529,USER_192,2026-05-10 18:18:57,1985.78,JP,Luxury,127.62.46.125,0
TXN_1530,USER_161,2026-05-18 10:53:11,4476.34,JP,Gaming,165.147.99.119,0
TXN_1531,USER_129,2026-05-10 08:31:57,2239.14,GB,Luxury,112.120.79.148,0
TXN_1532,USER_179,2026-05-03 03:53:59,4763.13,SG,Travel,155.190.16.87,1
TXN_1533,USER_128,2026-05-21 06:45:44,4268.99,JP,Gaming,20.149.170.73,0
TXN_1534,USER_175,2026-05-25 07:02:27,1197.73,GB,Electronics,39.65.124.130,0
TXN_1535,USER_107,2026-05-06 03:28:23,1909.63,JP,Travel,53.252.126.223,0
TXN_1536,USER_155,2026-05-06 13:16:00,4099.19,US,Gaming,211.100.239.222,0
TXN_1537,USER_103,2026-05-27 09:30:30,2666.04,GB,Luxury,163.207.143.181,0
TXN_1538,USER_132,2026-05-01 16:10:40,4462.96,SG,Luxury,79.43.142.164,0
TXN_1539,USER_131,2026-05-25 20:01:59,1240.05,JP,Luxury,185.35.7.219,0
TXN_1540,USER_153,2026-05-30 19:22:10,2518.38,KR,Travel,91.3.108.142,0
TXN_1541,USER_126,2026-05-17 00:33:57,4038.2,SG,Luxury,149.105.109.43,0
TXN_1542,USER_131,2026-05-08 21:15:00,3924.62,GB,Gaming,36.100.132.227,0
TXN_1543,USER_120,2026-05-28 20:43:39,1497.3,US,Food,8.85.141.70,0
TXN_1544,USER_106,2026-05-19 09:29:01,911.71,SG,Food,58.180.23.147,0
TXN_1545,USER_154,2026-05-31 16:26:11,4222.82,US,Gaming,48.195.220.92,0
TXN_1546,USER_178,2026-05-15 16:31:53,1035.33,GB,Gaming,172.127.253.9,0
TXN_1547,USER_154,2026-05-30 07:47:24,3621.44,KR,Travel,25.20.145.225,0
TXN_1548,USER_151,2026-05-13 13:53:15,4349.07,GB,Electronics,118.172.145.134,0
TXN_1549,USER_162,2026-05-14 12:59:07,4595.95,GB,Gaming,132.80.6.19,0
TXN_1550,USER_109,2026-05-19 07:55:43,2229.1,JP,Electronics,13.215.208.252,0
TXN_1551,USER_122,2026-05-09 19:30:20,3998.57,US,Travel,35.12.56.192,0
TXN_1552,USER_156,2026-05-19 16:05:45,3244.74,KR,Food,23.66.135.35,0
TXN_1553,USER_110,2026-05-15 18:01:26,521.1,US,Electronics,50.89.80.56,0
TXN_1554,USER_172,2026-05-24 14:45:56,3435.81,GB,Food,129.239.116.98,0
TXN_1555,USER_146,2026-05-17 17:01:00,380.32,JP,Electronics,50.253.206.216,0
TXN_1556,USER_186,2026-05-03 12:48:12,3135.7,SG,Luxury,120.173.192.196,0
TXN_1557,USER_161,2026-05-11 10:40:50,2464.85,JP,Gaming,101.152.155.31,0
TXN_1558,USER_158,2026-05-09 14:27:59,1647.26,KR,Electronics,178.47.231.43,0
TXN_1559,USER_121,2026-05-01 16:16:37,4366.83,US,Electronics,94.10.113.8,0
TXN_1560,USER_177,2026-05-15 18:16:25,1416.26,SG,Food,57.111.27.235,0
TXN_1561,USER_161,2026-05-24 08:16:08,3397.33,KR,Gaming,196.244.249.250,0
TXN_1562,USER_125,2026-05-29 19:02:42,2328.74,GB,Luxury,186.208.133.188,0
TXN_1563,USER_155,2026-05-05 00:14:55,2258.82,KR,Food,46.211.194.174,0
TXN_1564,USER_137,2026-05-11 07:05:10,3250.89,KR,Luxury,117.95.156.12,1
TXN_1565,USER_155,2026-05-06 21:29:01,2167.83,GB,Food,170.62.194.54,0
TXN_1566,USER_159,2026-05-12 11:43:24,1166.6,SG,Gaming,17.196.184.96,0
TXN_1567,USER_132,2026-05-20 07:29:42,2159.43,KR,Travel,92.82.137.193,0
TXN_1568,USER_196,2026-05-09 11:36:26,3306.04,JP,Food,45.191.1.117,0
TXN_1569,USER_122,2026-05-31 09:06:47,2628.79,SG,Luxury,117.26.106.106,0
TXN_1570,USER_166,2026-05-26 21:10:26,2055.16,US,Food,67.238.57.10,0
TXN_1571,USER_102,2026-05-24 06:05:32,2291.39,GB,Gaming,97.63.236.31,0
TXN_1572,USER_115,2026-05-28 07:19:30,1376.48,KR,Food,74.135.137.1,0
TXN_1573,USER_132,2026-05-04 20:54:17,472.36,US,Food,69.84.120.140,0
TXN_1574,USER_150,2026-05-11 06:14:22,126.03,KR,Travel,89.27.181.33,0
TXN_1575,USER_157,2026-05-07 00:04:04,4906.48,US,Electronics,144.156.139.251,0
TXN_1576,USER_141,2026-05-23 17:27:01,4872.63,US,Luxury,194.159.144.107,0
TXN_1577,USER_131,2026-05-04 20:31:59,4656.56,KR,Gaming,96.255.123.97,0
TXN_1578,USER_160,2026-05-21 16:09:43,4839.69,GB,Gaming,91.236.100.145,0
TXN_1579,USER_152,2026-05-19 23:47:42,750.17,GB,Food,34.172.30.116,0
TXN_1580,USER_126,2026-05-11 05:42:18,1224.37,US,Travel,196.8.71.181,0
TXN_1581,USER_188,2026-05-25 02:56:07,42.38,JP,Gaming,27.172.154.16,0
TXN_1582,USER_142,2026-05-06 05:56:46,3421.58,SG,Food,106.93.87.178,0
TXN_1583,USER_192,2026-05-16 22:42:09,1042.15,SG,Food,161.225.236.170,0
TXN_1584,USER_172,2026-05-25 09:36:50,1611.31,SG,Gaming,204.62.168.3,0
TXN_1585,USER_101,2026-05-07 09:21:39,1116.3,GB,Travel,221.43.169.73,1
TXN_1586,USER_154,2026-05-24 01:49:26,1625.41,SG,Electronics,5.245.166.223,0
TXN_1587,USER_119,2026-05-29 19:57:35,3884.56,US,Gaming,105.233.203.132,0
TXN_1588,USER_153,2026-05-07 02:09:36,789.34,KR,Gaming,73.63.174.233,0
TXN_1589,USER_192,2026-05-05 12:58:55,4849.12,GB,Gaming,166.151.28.66,0
TXN_1590,USER_184,2026-05-29 17:38:47,1605.67,SG,Luxury,36.146.254.47,0
TXN_1591,USER_126,2026-05-08 21:57:27,3255.81,SG,Gaming,59.238.239.129,0
TXN_1592,USER_169,2026-05-13 09:56:25,3271.26,JP,Electronics,49.183.156.223,0
TXN_1593,USER_175,2026-05-06 09:44:50,1394.69,GB,Gaming,161.155.49.17,0
TXN_1594,USER_197,2026-05-24 02:38:36,308.23,KR,Food,208.41.52.156,0
TXN_1595,USER_101,2026-05-29 04:16:05,4110.29,JP,Luxury,204.140.221.144,1
TXN_1596,USER_114,2026-05-02 13:00:25,3277.29,SG,Luxury,191.250.192.25,0
TXN_1597,USER_147,2026-05-20 04:40:52,2972.51,JP,Luxury,63.190.17.22,0
TXN_1598,USER_154,2026-05-13 07:07:09,2951.98,GB,Gaming,74.20.194.191,0
TXN_1599,USER_149,2026-05-09 00:01:20,4447.06,KR,Electronics,101.178.135.71,0
TXN_1600,USER_159,2026-05-28 03:57:59,279.22,GB,Luxury,98.60.102.100,0
TXN_1601,USER_112,2026-05-11 20:48:48,2373.84,GB,Food,40.80.106.36,0
TXN_1602,USER_165,2026-05-13 01:46:48,1809.23,KR,Luxury,105.202.96.17,0
TXN_1603,USER_115,2026-05-12 13:08:43,1154.37,KR,Travel,29.180.183.157,0
TXN_1604,USER_158,2026-05-29 06:07:24,925.63,US,Electronics,201.97.60.235,0
TXN_1605,USER_139,2026-05-21 20:42:10,2239.68,GB,Electronics,47.249.45.118,0
TXN_1606,USER_179,2026-05-10 18:04:20,4593.73,GB,Luxury,47.226.124.25,0
TXN_1607,USER_161,2026-05-26 13:46:42,3915.28,GB,Electronics,193.126.118.157,0
TXN_1608,USER_151,2026-05-07 03:09:01,1081.78,US,Luxury,52.153.205.113,0
TXN_1609,USER_132,2026-05-05 07:12:49,4414.63,KR,Luxury,16.114.233.105,0
TXN_1610,USER_107,2026-05-21 04:31:30,3659.48,US,Food,71.4.135.245,0
TXN_1611,USER_102,2026-05-03 03:26:46,2607.92,JP,Travel,147.86.1.156,0
TXN_1612,USER_124,2026-05-03 17:03:05,1340.16,GB,Luxury,51.29.63.168,0
TXN_1613,USER_154,2026-05-10 09:04:21,3805.96,GB,Luxury,208.52.118.116,0
TXN_1614,USER_117,2026-05-24 02:43:06,2625.09,SG,Travel,40.217.99.246,0
TXN_1615,USER_127,2026-05-05 00:07:14,242.13,SG,Gaming,72.99.158.66,0
TXN_1616,USER_123,2026-05-05 22:03:40,4766.25,US,Gaming,13.245.180.194,0
TXN_1617,USER_158,2026-05-10 00:11:13,3381.71,GB,Luxury,159.165.112.48,0
TXN_1618,USER_169,2026-05-01 17:32:00,1512.46,JP,Luxury,84.182.152.167,0
TXN_1619,USER_177,2026-05-01 03:28:30,482.68,SG,Electronics,181.69.255.70,0
TXN_1620,USER_181,2026-05-21 04:18:57,1665.22,US,Luxury,177.116.15.49,0
TXN_1621,USER_126,2026-05-22 04:28:43,2710.98,US,Gaming,140.176.187.240,0
TXN_1622,USER_154,2026-05-04 20:37:24,4506.02,SG,Gaming,155.10.70.184,0
TXN_1623,USER_124,2026-05-03 02:28:16,4216.08,GB,Gaming,16.198.9.96,1
TXN_1624,USER_147,2026-05-10 01:16:35,4361.65,SG,Travel,16.16.69.211,1
TXN_1625,USER_107,2026-05-13 13:54:48,3676.73,GB,Electronics,33.219.75.47,0
TXN_1626,USER_131,2026-05-11 10:30:30,2994.65,US,Luxury,181.31.101.48,0
TXN_1627,USER_186,2026-05-15 23:14:19,355.82,KR,Gaming,175.234.119.80,0
TXN_1628,USER_106,2026-05-25 01:34:48,432.0,JP,Electronics,18.153.16.176,0
TXN_1629,USER_155,2026-05-08 04:23:18,946.86,US,Gaming,179.154.76.251,0
TXN_1630,USER_156,2026-05-21 09:57:11,3555.25,GB,Travel,107.173.87.11,0
TXN_1631,USER_170,2026-05-04 23:10:12,1826.57,JP,Gaming,9.129.159.239,0
TXN_1632,USER_183,2026-05-24 13:11:10,2460.11,KR,Gaming,6.14.253.21,0
TXN_1633,USER_158,2026-05-30 02:52:44,434.18,GB,Luxury,65.49.155.7,0
TXN_1634,USER_122,2026-05-08 14:20:05,3501.11,SG,Electronics,170.99.65.141,0
TXN_1635,USER_157,2026-05-18 22:40:21,775.75,US,Travel,120.194.79.235,0
TXN_1636,USER_153,2026-05-26 04:41:31,3248.72,JP,Travel,190.106.21.1,0
TXN_1637,USER_199,2026-05-08 05:42:38,551.89,US,Gaming,140.90.44.179,0
TXN_1638,USER_168,2026-05-31 02:05:34,2953.12,GB,Gaming,191.191.65.91,0
TXN_1639,USER_108,2026-05-19 22:30:08,1406.54,US,Luxury,187.70.138.207,0
TXN_1640,USER_179,2026-05-02 01:04:51,421.32,GB,Travel,219.173.119.50,0
TXN_1641,USER_117,2026-05-10 03:38:30,2420.14,GB,Food,54.28.33.132,0
TXN_1642,USER_102,2026-05-12 08:37:02,825.45,US,Gaming,101.244.61.73,0
TXN_1643,USER_166,2026-05-08 12:32:06,1613.79,KR,Travel,211.144.182.234,0
TXN_1644,USER_189,2026-05-25 09:17:54,578.6,KR,Food,67.88.72.204,0
TXN_1645,USER_113,2026-05-19 23:37:55,2365.5,JP,Travel,115.141.105.69,0
TXN_1646,USER_128,2026-05-30 09:36:49,191.36,SG,Travel,20.25.207.79,0
TXN_1647,USER_101,2026-05-09 11:45:57,219.66,SG,Gaming,36.178.76.19,0
TXN_1648,USER_107,2026-05-01 10:43:54,1696.78,SG,Luxury,112.48.250.194,0
TXN_1649,USER_194,2026-05-11 16:22:00,705.2,JP,Travel,70.152.44.163,0
TXN_1650,USER_156,2026-05-22 09:26:53,3522.07,GB,Travel,41.123.106.136,0
TXN_1651,USER_164,2026-05-05 09:42:35,530.76,KR,Electronics,106.8.8.71,0
TXN_1652,USER_184,2026-05-04 04:16:13,957.68,US,Electronics,7.160.34.107,0
TXN_1653,USER_147,2026-05-02 04:18:21,2169.7,US,Luxury,139.184.186.148,0
TXN_1654,USER_102,2026-05-17 21:53:37,2437.48,SG,Travel,83.193.244.127,0
TXN_1655,USER_114,2026-05-27 17:11:57,137.26,SG,Travel,106.81.114.66,0
TXN_1656,USER_134,2026-05-27 23:41:29,3594.85,JP,Gaming,206.15.52.7,0
TXN_1657,USER_112,2026-05-15 14:38:04,362.46,SG,Travel,180.239.135.139,0
TXN_1658,USER_149,2026-05-25 08:46:53,1463.01,GB,Gaming,43.188.222.26,0
TXN_1659,USER_133,2026-05-04 00:05:55,1559.56,US,Gaming,217.111.204.180,0
TXN_1660,USER_121,2026-05-05 09:28:50,3023.51,JP,Travel,208.104.23.216,0
TXN_1661,USER_107,2026-05-24 02:59:19,4812.63,JP,Travel,108.70.177.7,1
TXN_1662,USER_119,2026-05-03 11:28:31,1836.6,KR,Luxury,75.134.144.225,0
TXN_1663,USER_119,2026-05-26 00:14:35,2606.25,KR,Luxury,166.210.95.41,0
TXN_1664,USER_146,2026-05-06 22:45:49,2517.46,US,Electronics,185.203.35.150,0
TXN_1665,USER_190,2026-05-28 08:35:25,1966.59,GB,Gaming,118.29.229.10,0
TXN_1666,USER_130,2026-05-01 17:24:10,2479.98,KR,Luxury,126.143.239.123,0
TXN_1667,USER_187,2026-05-18 11:47:17,3336.48,GB,Luxury,40.88.70.149,0
TXN_1668,USER_169,2026-05-27 18:37:10,1576.93,SG,Luxury,131.177.84.165,0
TXN_1669,USER_101,2026-05-13 08:11:55,2208.0,US,Travel,118.9.222.218,0
TXN_1670,USER_173,2026-05-01 08:57:51,2538.71,US,Food,137.2.168.233,0
TXN_1671,USER_101,2026-05-29 04:13:05,4771.57,GB,Luxury,31.221.123.235,1
TXN_1672,USER_157,2026-05-21 14:52:39,1017.38,SG,Electronics,216.140.240.240,0
TXN_1673,USER_188,2026-05-17 04:46:45,1346.23,SG,Gaming,89.178.61.248,0
TXN_1674,USER_187,2026-05-21 03:12:58,3703.52,US,Travel,190.19.186.28,0
TXN_1675,USER_186,2026-05-03 08:57:14,3241.58,GB,Gaming,118.213.112.133,0
TXN_1676,USER_182,2026-05-16 10:24:10,4390.56,JP,Travel,92.132.94.64,0
TXN_1677,USER_179,2026-05-28 03:19:23,508.55,SG,Electronics,223.34.138.130,0
TXN_1678,USER_162,2026-05-17 16:34:09,1501.06,US,Luxury,98.158.16.200,0
TXN_1679,USER_129,2026-05-23 04:30:23,4252.17,US,Travel,112.87.70.168,0
TXN_1680,USER_136,2026-05-04 09:38:12,775.18,SG,Food,152.22.223.224,0
TXN_1681,USER_173,2026-05-22 10:49:51,4108.96,JP,Food,41.142.230.251,0
TXN_1682,USER_116,2026-05-14 21:21:41,384.36,KR,Food,221.84.113.82,0
TXN_1683,USER_132,2026-05-14 15:44:06,2983.22,US,Luxury,170.48.12.11,0
TXN_1684,USER_115,2026-05-28 08:01:28,4395.45,KR,Luxury,5.173.179.193,0
TXN_1685,USER_182,2026-05-09 03:42:16,2077.17,KR,Food,143.0.7.9,0
TXN_1686,USER_130,2026-05-05 22:16:43,3912.51,JP,Travel,45.230.7.6,0
TXN_1687,USER_148,2026-05-03 10:41:58,2258.47,GB,Electronics,78.1.98.74,0
TXN_1688,USER_108,2026-05-23 15:46:28,3966.14,GB,Electronics,87.77.123.79,0
TXN_1689,USER_151,2026-05-25 14:38:04,2198.86,JP,Food,177.141.119.105,0
TXN_1690,USER_181,2026-05-12 15:02:01,2164.52,SG,Travel,96.232.44.237,0
TXN_1691,USER_135,2026-05-10 02:48:37,2213.53,SG,Electronics,19.214.231.143,0
TXN_1692,USER_122,2026-05-17 23:10:20,3749.9,GB,Electronics,69.191.202.53,0
TXN_1693,USER_200,2026-05-20 03:22:17,2943.4,SG,Gaming,214.219.135.155,0
TXN_1694,USER_124,2026-05-12 10:40:41,4082.7,US,Electronics,167.194.87.100,0
TXN_1695,USER_197,2026-05-13 21:39:42,2073.07,JP,Food,86.0.156.164,0
TXN_1696,USER_175,2026-05-31 00:28:35,2837.71,GB,Food,96.207.156.174,0
TXN_1697,USER_161,2026-05-15 09:17:36,4795.57,KR,Electronics,28.252.62.247,0
TXN_1698,USER_192,2026-05-14 19:38:47,3778.08,JP,Electronics,190.44.17.139,0
TXN_1699,USER_161,2026-05-26 02:31:35,2606.68,GB,Travel,188.28.152.97,0
TXN_1700,USER_168,2026-05-25 18:45:45,2164.46,SG,Gaming,208.39.96.213,0
TXN_1701,USER_198,2026-05-30 23:45:35,248.37,SG,Gaming,6.121.0.42,0
TXN_1702,USER_161,2026-05-20 11:01:25,3977.64,GB,Luxury,159.151.207.40,0
TXN_1703,USER_155,2026-05-08 03:45:21,1634.57,KR,Travel,100.57.35.84,0
TXN_1704,USER_198,2026-05-21 06:03:00,2403.0,SG,Travel,36.29.62.217,0
TXN_1705,USER_129,2026-05-15 05:52:45,2768.23,JP,Luxury,33.132.71.75,0
TXN_1706,USER_154,2026-05-02 05:25:22,2493.9,GB,Travel,115.159.109.131,0
TXN_1707,USER_108,2026-05-17 04:16:01,2522.15,GB,Travel,199.47.75.248,0
TXN_1708,USER_102,2026-05-10 22:52:13,4304.36,JP,Food,127.214.57.78,0
TXN_1709,USER_124,2026-05-06 13:50:45,706.55,GB,Luxury,199.114.72.82,0
TXN_1710,USER_102,2026-05-09 09:38:54,4101.42,SG,Luxury,163.190.39.19,1
TXN_1711,USER_163,2026-05-02 09:47:17,3961.16,GB,Food,132.184.102.233,0
TXN_1712,USER_112,2026-05-28 21:18:25,1955.28,JP,Food,167.199.99.75,0
TXN_1713,USER_127,2026-05-29 11:52:58,1643.72,JP,Travel,105.22.67.12,1
TXN_1714,USER_175,2026-05-15 03:24:56,4232.61,JP,Travel,70.243.61.112,1
TXN_1715,USER_101,2026-05-22 02:52:03,654.47,KR,Food,221.56.112.238,0
TXN_1716,USER_125,2026-05-24 22:35:59,720.27,US,Luxury,137.50.64.58,0
TXN_1717,USER_152,2026-05-12 01:31:22,1640.92,GB,Electronics,4.227.234.154,0
TXN_1718,USER_136,2026-05-18 19:30:15,1830.69,GB,Gaming,188.82.72.245,0
TXN_1719,USER_173,2026-05-07 01:19:36,3285.74,JP,Food,33.213.103.170,1
TXN_1720,USER_121,2026-05-11 13:54:29,4426.39,SG,Electronics,204.164.36.49,0
TXN_1721,USER_152,2026-05-07 06:53:05,4825.88,US,Food,173.106.120.150,0
TXN_1722,USER_108,2026-05-10 10:39:15,4111.53,US,Luxury,59.205.129.136,0
TXN_1723,USER_112,2026-05-21 00:04:32,155.9,KR,Travel,147.45.112.14,0
TXN_1724,USER_124,2026-05-07 02:49:13,3196.68,SG,Luxury,61.63.110.219,1
TXN_1725,USER_192,2026-05-24 15:28:26,1054.91,KR,Luxury,121.52.195.81,0
TXN_1726,USER_189,2026-05-28 01:11:33,796.86,US,Food,151.225.137.15,0
TXN_1727,USER_148,2026-05-07 20:13:01,4542.19,KR,Travel,55.173.100.62,0
TXN_1728,USER_134,2026-05-08 18:00:29,1060.05,SG,Gaming,217.97.27.147,0
TXN_1729,USER_174,2026-05-28 09:02:29,3056.07,KR,Luxury,9.88.236.201,0
TXN_1730,USER_193,2026-05-25 07:24:58,1613.56,JP,Food,67.71.224.14,0
TXN_1731,USER_200,2026-05-02 21:53:59,859.16,GB,Food,163.124.23.47,0
TXN_1732,USER_138,2026-05-24 14:15:27,1743.33,US,Travel,136.157.89.97,0
TXN_1733,USER_163,2026-05-22 06:12:48,3003.37,US,Gaming,176.138.60.191,0
TXN_1734,USER_160,2026-05-31 17:12:45,1500.56,SG,Gaming,108.6.9.110,0
TXN_1735,USER_143,2026-05-24 02:39:44,1224.09,JP,Food,221.175.137.16,0
TXN_1736,USER_125,2026-05-03 12:07:33,1659.73,US,Electronics,182.112.225.187,0
TXN_1737,USER_196,2026-05-23 04:54:08,3793.07,JP,Travel,129.193.227.217,0
TXN_1738,USER_142,2026-05-28 19:57:26,3652.68,JP,Travel,181.239.150.121,0
TXN_1739,USER_168,2026-05-06 03:09:54,2577.12,GB,Travel,34.110.184.209,0
TXN_1740,USER_157,2026-05-25 03:07:16,750.52,GB,Electronics,23.193.139.238,0
TXN_1741,USER_167,2026-05-07 13:35:54,2869.76,JP,Food,202.42.186.248,0
TXN_1742,USER_196,2026-05-07 19:46:04,3625.06,KR,Electronics,178.112.165.54,0
TXN_1743,USER_181,2026-05-15 08:34:59,4283.2,US,Food,4.23.28.183,0
TXN_1744,USER_177,2026-05-07 07:23:51,4382.59,KR,Luxury,130.51.219.22,0
TXN_1745,USER_116,2026-05-24 01:50:10,2256.43,SG,Electronics,141.118.95.88,0
TXN_1746,USER_102,2026-05-15 21:57:50,1394.34,KR,Travel,53.42.38.251,0
TXN_1747,USER_132,2026-05-20 02:49:44,4602.63,SG,Luxury,180.14.108.201,1
TXN_1748,USER_123,2026-05-26 20:11:45,1688.25,SG,Electronics,66.161.167.239,0
TXN_1749,USER_167,2026-05-24 03:45:09,4904.59,JP,Travel,105.202.90.125,1
TXN_1750,USER_181,2026-05-16 11:45:27,395.9,GB,Electronics,24.246.169.22,0
TXN_1751,USER_142,2026-05-16 05:35:55,4665.24,JP,Luxury,80.134.176.236,0
TXN_1752,USER_193,2026-05-07 01:00:08,643.77,JP,Luxury,139.178.3.57,0
TXN_1753,USER_183,2026-05-22 06:43:24,121.34,KR,Gaming,23.143.30.166,0
TXN_1754,USER_165,2026-05-17 20:48:26,3892.91,GB,Food,4.70.33.4,0
TXN_1755,USER_151,2026-05-09 11:14:19,1565.38,KR,Gaming,61.5.12.40,0
TXN_1756,USER_162,2026-05-15 00:58:30,3149.78,GB,Travel,58.204.239.145,0
TXN_1757,USER_123,2026-05-27 01:22:21,2822.54,US,Gaming,161.110.79.100,0
TXN_1758,USER_115,2026-05-31 17:18:49,1402.73,SG,Electronics,179.215.162.196,0
TXN_1759,USER_156,2026-05-13 22:27:50,2694.03,GB,Gaming,123.185.94.139,0
TXN_1760,USER_181,2026-05-09 20:50:19,1642.57,KR,Travel,142.159.157.121,0
TXN_1761,USER_157,2026-05-14 02:44:18,2071.64,GB,Food,64.74.20.112,0
TXN_1762,USER_177,2026-05-23 02:04:01,204.51,GB,Electronics,98.72.91.174,0
TXN_1763,USER_108,2026-05-27 17:27:07,3264.88,GB,Electronics,10.245.227.130,0
TXN_1764,USER_152,2026-05-12 14:18:58,3528.72,GB,Luxury,17.72.135.108,0
TXN_1765,USER_185,2026-05-16 16:44:11,1836.88,KR,Luxury,99.154.67.56,0
TXN_1766,USER_168,2026-05-12 18:07:04,2190.49,JP,Electronics,97.20.4.120,0
TXN_1767,USER_101,2026-05-26 02:40:24,3381.17,US,Luxury,50.243.142.83,0
TXN_1768,USER_117,2026-05-09 14:52:04,1290.65,SG,Electronics,150.119.35.95,0
TXN_1769,USER_182,2026-05-27 03:07:04,562.05,KR,Gaming,130.255.164.105,0
TXN_1770,USER_115,2026-05-07 09:52:45,4764.88,US,Gaming,182.107.91.183,0
TXN_1771,USER_188,2026-05-17 05:07:59,3565.87,JP,Food,64.249.58.10,0
TXN_1772,USER_184,2026-05-18 22:08:44,4247.71,JP,Travel,95.65.131.37,0
TXN_1773,USER_172,2026-05-27 03:04:50,2581.72,GB,Food,188.236.243.158,0
TXN_1774,USER_188,2026-05-24 00:27:27,2003.33,KR,Gaming,122.49.109.37,0
TXN_1775,USER_124,2026-05-23 18:39:00,3525.84,JP,Food,24.95.129.170,0
TXN_1776,USER_153,2026-05-04 00:01:15,4406.76,JP,Food,155.209.40.130,0
TXN_1777,USER_129,2026-05-01 22:17:10,4327.83,SG,Luxury,123.101.45.78,0
TXN_1778,USER_139,2026-05-13 12:37:05,2726.53,SG,Electronics,173.110.125.56,0
TXN_1779,USER_149,2026-05-22 13:03:13,1733.27,US,Travel,15.53.80.143,1
TXN_1780,USER_110,2026-05-08 17:14:24,4144.1,SG,Gaming,22.232.166.135,0
TXN_1781,USER_171,2026-05-25 12:26:20,2553.28,SG,Gaming,136.127.17.67,0
TXN_1782,USER_141,2026-05-14 21:42:36,3247.26,KR,Food,179.23.92.19,0
TXN_1783,USER_133,2026-05-29 17:55:55,958.47,US,Electronics,186.45.54.224,0
TXN_1784,USER_187,2026-05-10 23:32:30,460.2,KR,Travel,192.75.29.109,0
TXN_1785,USER_176,2026-05-11 08:55:31,4722.12,JP,Electronics,25.17.11.151,0
TXN_1786,USER_167,2026-05-07 06:04:19,4734.85,JP,Gaming,14.101.86.81,0
TXN_1787,USER_200,2026-05-17 09:14:59,3475.52,US,Luxury,208.88.85.23,0
TXN_1788,USER_119,2026-05-14 02:57:17,795.05,SG,Food,16.36.161.243,0
TXN_1789,USER_172,2026-05-18 18:17:01,2611.83,US,Gaming,129.19.160.52,0
TXN_1790,USER_169,2026-05-29 04:40:45,701.29,US,Food,216.166.95.23,0
TXN_1791,USER_121,2026-05-19 11:14:36,2908.33,SG,Luxury,2.95.55.19,0
TXN_1792,USER_107,2026-05-14 11:06:55,2336.43,KR,Travel,106.255.225.249,0
TXN_1793,USER_185,2026-05-17 19:47:27,408.0,SG,Luxury,2.60.62.4,0
TXN_1794,USER_172,2026-05-21 17:25:29,2268.69,US,Luxury,30.46.165.182,0
TXN_1795,USER_142,2026-05-09 07:02:29,4260.08,KR,Luxury,68.137.145.47,0
TXN_1796,USER_141,2026-05-03 00:58:48,766.57,SG,Gaming,54.156.73.68,0
TXN_1797,USER_156,2026-05-31 20:46:28,4649.19,US,Gaming,95.144.64.140,0
TXN_1798,USER_197,2026-05-21 02:29:39,2266.59,KR,Gaming,73.184.229.57,0
TXN_1799,USER_143,2026-05-31 09:18:22,1577.82,US,Travel,164.203.65.241,0
TXN_1800,USER_161,2026-05-14 12:02:24,3316.29,GB,Food,145.231.99.130,0
TXN_1801,USER_122,2026-05-06 13:58:35,3203.67,KR,Food,182.31.15.100,0
TXN_1802,USER_154,2026-05-21 08:28:16,4234.93,KR,Luxury,10.210.229.113,0
TXN_1803,USER_168,2026-05-17 00:15:08,680.73,GB,Travel,168.123.133.66,0
TXN_1804,USER_134,2026-05-21 11:36:17,1329.06,KR,Luxury,19.183.112.242,0
TXN_1805,USER_150,2026-05-06 14:34:44,2738.1,GB,Food,147.212.81.216,0
TXN_1806,USER_112,2026-05-06 17:31:46,4767.33,KR,Luxury,95.204.124.246,0
TXN_1807,USER_145,2026-05-23 22:47:52,811.95,GB,Food,47.30.34.201,0
TXN_1808,USER_182,2026-05-21 08:43:10,3477.6,KR,Travel,197.46.196.100,0
TXN_1809,USER_200,2026-05-13 11:55:22,2101.19,GB,Gaming,22.7.208.104,0
TXN_1810,USER_106,2026-05-14 13:22:59,2872.05,GB,Gaming,208.115.42.94,0
TXN_1811,USER_111,2026-05-11 09:04:56,3647.71,KR,Luxury,105.138.225.235,0
TXN_1812,USER_116,2026-05-10 05:16:31,3087.03,SG,Gaming,150.45.122.26,0
TXN_1813,USER_116,2026-05-24 02:46:44,563.43,GB,Luxury,45.82.54.151,0
TXN_1814,USER_152,2026-05-05 14:22:52,3435.34,GB,Travel,99.75.150.168,0
TXN_1815,USER_132,2026-05-14 14:47:40,1532.66,SG,Travel,151.24.246.181,0
TXN_1816,USER_149,2026-05-02 13:19:21,4577.06,GB,Food,71.82.158.211,0
TXN_1817,USER_134,2026-05-28 14:39:30,2504.08,GB,Electronics,71.68.222.150,0
TXN_1818,USER_153,2026-05-11 23:32:22,1593.33,JP,Food,157.243.140.203,0
TXN_1819,USER_143,2026-05-19 11:07:44,1929.31,JP,Travel,137.39.10.132,0
TXN_1820,USER_152,2026-05-25 23:26:17,3993.17,SG,Travel,143.187.200.160,0
TXN_1821,USER_115,2026-05-02 13:14:57,2554.08,SG,Food,77.5.31.128,0
TXN_1822,USER_118,2026-05-03 10:38:25,3547.82,JP,Electronics,142.99.0.135,0
TXN_1823,USER_152,2026-05-25 16:09:15,1918.07,US,Food,96.65.15.8,0
TXN_1824,USER_108,2026-05-04 01:30:52,2178.26,GB,Food,220.63.125.137,0
TXN_1825,USER_172,2026-05-11 05:28:23,2372.55,SG,Food,12.1.105.231,0
TXN_1826,USER_124,2026-05-02 03:26:57,2257.37,US,Luxury,149.134.163.72,0
TXN_1827,USER_117,2026-05-17 07:37:12,1984.82,JP,Electronics,8.63.182.5,0
TXN_1828,USER_164,2026-05-31 15:52:53,2684.75,SG,Food,198.246.51.180,0
TXN_1829,USER_172,2026-05-10 07:52:45,1478.83,JP,Electronics,29.142.88.156,0
TXN_1830,USER_168,2026-05-18 06:12:26,3271.67,JP,Travel,41.185.197.33,0
TXN_1831,USER_149,2026-05-28 07:41:40,2424.16,GB,Travel,217.206.166.27,0
TXN_1832,USER_195,2026-05-29 08:37:44,352.71,US,Food,53.20.105.184,0
TXN_1833,USER_191,2026-05-31 19:57:12,4180.25,SG,Luxury,222.132.238.30,0
TXN_1834,USER_190,2026-05-04 00:29:11,879.15,JP,Gaming,153.52.18.205,0
TXN_1835,USER_103,2026-05-27 06:27:54,3074.07,US,Electronics,205.192.59.49,0
TXN_1836,USER_101,2026-05-09 01:34:13,2246.79,US,Luxury,170.179.61.91,1
TXN_1837,USER_156,2026-05-03 01:06:54,571.86,SG,Food,20.47.21.173,0
TXN_1838,USER_126,2026-05-11 11:29:42,4879.59,US,Electronics,105.46.78.4,0
TXN_1839,USER_183,2026-05-24 03:45:32,768.3,KR,Luxury,127.223.182.154,0
TXN_1840,USER_141,2026-05-28 12:42:03,2785.51,US,Luxury,167.249.176.9,0
TXN_1841,USER_171,2026-05-15 13:00:03,3866.12,GB,Gaming,125.43.124.98,0
TXN_1842,USER_163,2026-05-26 00:19:59,2687.31,JP,Electronics,142.200.251.211,0
TXN_1843,USER_153,2026-05-05 04:13:36,2546.42,SG,Electronics,94.67.117.218,0
TXN_1844,USER_161,2026-05-10 15:42:19,982.88,US,Travel,62.87.71.39,0
TXN_1845,USER_102,2026-05-05 17:47:32,2656.13,US,Travel,151.18.215.8,0
TXN_1846,USER_193,2026-05-18 09:01:56,4781.16,SG,Luxury,130.245.186.226,0
TXN_1847,USER_193,2026-05-14 11:30:28,4085.66,KR,Electronics,158.131.81.108,0
TXN_1848,USER_103,2026-05-16 10:17:39,3966.43,JP,Electronics,114.255.120.122,0
TXN_1849,USER_110,2026-05-04 22:50:21,4313.08,JP,Luxury,196.10.130.103,0
TXN_1850,USER_159,2026-05-30 02:55:56,1449.07,JP,Electronics,216.1.250.91,0
TXN_1851,USER_105,2026-05-04 23:26:09,653.14,GB,Travel,209.40.231.232,0
TXN_1852,USER_191,2026-05-31 22:05:04,4971.42,KR,Electronics,44.21.66.17,0
TXN_1853,USER_152,2026-05-07 01:16:35,2951.51,US,Travel,92.103.52.113,0
TXN_1854,USER_130,2026-05-06 09:50:26,2667.54,SG,Electronics,183.120.64.182,0
TXN_1855,USER_173,2026-05-06 19:19:41,1754.74,JP,Gaming,46.32.100.141,0
TXN_1856,USER_102,2026-05-06 13:37:47,4700.21,KR,Electronics,6.133.225.203,0
TXN_1857,USER_129,2026-05-08 05:08:40,4099.59,KR,Gaming,100.158.113.238,0
TXN_1858,USER_176,2026-05-26 05:19:08,4268.9,GB,Luxury,132.211.231.140,0
TXN_1859,USER_182,2026-05-02 06:45:37,299.28,GB,Luxury,199.141.82.15,0
TXN_1860,USER_124,2026-05-01 13:17:31,4201.08,GB,Travel,210.26.165.239,0
TXN_1861,USER_103,2026-05-11 00:22:51,2372.91,US,Travel,152.17.66.5,0
TXN_1862,USER_159,2026-05-30 14:25:29,2558.79,US,Travel,200.32.4.32,0
TXN_1863,USER_154,2026-05-22 03:47:08,1175.31,SG,Electronics,77.243.254.195,0
TXN_1864,USER_145,2026-05-15 01:58:22,2600.33,JP,Travel,125.46.255.18,0
TXN_1865,USER_150,2026-05-22 13:05:22,264.5,GB,Travel,54.177.219.242,0
TXN_1866,USER_163,2026-05-05 01:06:53,4250.93,SG,Electronics,159.62.193.138,1
TXN_1867,USER_200,2026-05-29 20:29:25,4894.15,GB,Electronics,134.30.98.121,0
TXN_1868,USER_172,2026-05-25 04:42:38,737.38,SG,Food,9.72.225.31,0
TXN_1869,USER_195,2026-05-13 14:10:19,832.34,SG,Food,47.43.108.184,0
TXN_1870,USER_123,2026-05-23 15:24:49,4481.94,US,Gaming,214.133.198.82,0
TXN_1871,USER_111,2026-05-10 06:34:53,2360.66,KR,Travel,115.234.128.78,0
TXN_1872,USER_115,2026-05-16 23:05:46,3602.1,US,Food,120.51.31.194,0
TXN_1873,USER_105,2026-05-09 04:26:49,3268.71,SG,Luxury,122.112.156.46,0
TXN_1874,USER_185,2026-05-14 16:42:08,789.27,GB,Electronics,152.204.199.190,0
TXN_1875,USER_178,2026-05-16 19:00:56,1369.3,US,Food,202.152.140.234,0
TXN_1876,USER_176,2026-05-15 17:26:51,4375.74,KR,Gaming,110.95.165.14,0
TXN_1877,USER_163,2026-05-23 03:18:26,757.51,GB,Luxury,210.198.244.136,0
TXN_1878,USER_168,2026-05-30 02:13:48,16.16,US,Food,65.78.164.46,0
TXN_1879,USER_136,2026-05-16 22:49:51,1146.04,GB,Food,57.97.139.48,0
TXN_1880,USER_129,2026-05-18 15:16:57,1188.12,US,Gaming,215.78.205.230,0
TXN_1881,USER_175,2026-05-25 19:40:38,1863.16,JP,Food,2.145.205.211,0
TXN_1882,USER_135,2026-05-12 21:36:44,1485.46,KR,Luxury,102.10.70.80,0
TXN_1883,USER_157,2026-05-05 18:05:07,4560.38,JP,Gaming,202.117.175.97,0
TXN_1884,USER_174,2026-05-16 07:44:52,2775.82,SG,Gaming,30.215.145.248,0
TXN_1885,USER_133,2026-05-19 17:52:34,3303.96,GB,Food,53.85.174.38,0
TXN_1886,USER_171,2026-05-21 19:57:06,229.48,SG,Travel,163.107.167.106,0
TXN_1887,USER_187,2026-05-12 02:32:43,528.87,KR,Gaming,133.42.92.168,0
TXN_1888,USER_110,2026-05-31 23:20:47,1181.2,JP,Travel,206.71.4.165,0
TXN_1889,USER_112,2026-05-03 08:36:40,2480.79,US,Electronics,83.137.230.61,0
TXN_1890,USER_145,2026-05-21 00:59:48,4850.83,JP,Food,198.162.222.201,0
TXN_1891,USER_133,2026-05-23 02:00:03,844.2,KR,Electronics,40.28.195.74,0
TXN_1892,USER_187,2026-05-24 17:28:00,2626.99,SG,Travel,48.255.190.28,0
TXN_1893,USER_200,2026-05-01 04:29:32,1791.2,KR,Food,6.126.56.218,0
TXN_1894,USER_168,2026-05-03 19:22:50,99.16,GB,Food,173.158.201.117,0
TXN_1895,USER_180,2026-05-01 05:54:22,1990.38,US,Food,192.48.98.193,0
TXN_1896,USER_178,2026-05-04 20:19:35,2946.99,KR,Food,192.224.249.31,0
TXN_1897,USER_165,2026-05-19 07:50:42,1505.1,US,Food,193.76.158.194,0
TXN_1898,USER_155,2026-05-31 09:21:00,428.45,KR,Food,214.197.237.217,0
TXN_1899,USER_105,2026-05-13 17:32:20,2791.64,GB,Electronics,216.174.215.60,0
TXN_1900,USER_164,2026-05-31 19:27:59,3854.19,SG,Luxury,137.167.219.123,0
TXN_1901,USER_103,2026-05-16 13:20:20,454.82,SG,Electronics,94.221.179.36,0
TXN_1902,USER_119,2026-05-04 02:27:16,248.09,KR,Gaming,93.253.175.126,0
TXN_1903,USER_171,2026-05-05 11:25:55,1378.01,KR,Travel,46.64.32.185,0
TXN_1904,USER_148,2026-05-15 07:31:12,357.1,KR,Electronics,53.0.121.172,0
TXN_1905,USER_187,2026-05-11 16:40:40,3731.79,KR,Electronics,116.185.101.7,0
TXN_1906,USER_200,2026-05-12 09:28:37,4950.78,GB,Luxury,3.70.224.207,0
TXN_1907,USER_199,2026-05-04 01:28:21,3304.62,US,Electronics,48.9.162.141,0
TXN_1908,USER_109,2026-05-29 13:47:06,1520.7,SG,Travel,185.41.180.93,0
TXN_1909,USER_131,2026-05-14 13:09:15,957.26,JP,Travel,205.20.213.125,0
TXN_1910,USER_167,2026-05-19 07:11:31,3391.13,US,Electronics,211.217.190.250,0
TXN_1911,USER_108,2026-05-21 21:51:37,3846.46,GB,Food,95.233.18.164,0
TXN_1912,USER_188,2026-05-06 17:08:29,1181.08,JP,Food,217.186.8.52,0
TXN_1913,USER_187,2026-05-13 12:16:36,4890.32,KR,Food,48.46.234.85,0
TXN_1914,USER_134,2026-05-01 09:22:21,3117.31,KR,Travel,144.252.93.166,0
TXN_1915,USER_194,2026-05-12 07:48:47,1612.54,GB,Travel,200.55.183.28,0
TXN_1916,USER_144,2026-05-04 06:29:58,4321.37,JP,Luxury,17.172.184.119,0
TXN_1917,USER_159,2026-05-26 02:35:54,1437.44,KR,Gaming,107.140.142.114,0
TXN_1918,USER_165,2026-05-20 22:49:01,1080.71,SG,Travel,168.163.235.229,0
TXN_1919,USER_128,2026-05-16 16:48:51,3116.14,US,Travel,194.84.122.50,0
TXN_1920,USER_116,2026-05-06 12:41:37,1368.3,KR,Food,140.83.136.69,0
TXN_1921,USER_186,2026-05-22 19:40:20,269.9,GB,Luxury,15.176.43.45,0
TXN_1922,USER_113,2026-05-31 08:51:43,1007.33,KR,Gaming,4.121.111.10,0
TXN_1923,USER_170,2026-05-11 20:05:46,4974.04,KR,Travel,43.55.192.79,0
TXN_1924,USER_156,2026-05-27 07:29:06,4222.85,SG,Travel,101.32.174.32,0
TXN_1925,USER_141,2026-05-21 13:29:18,4351.13,SG,Travel,25.27.254.146,0
TXN_1926,USER_183,2026-05-14 23:19:50,3432.22,US,Travel,91.116.41.22,0
TXN_1927,USER_165,2026-05-14 13:45:38,2045.54,SG,Travel,210.87.100.223,0
TXN_1928,USER_145,2026-05-22 11:47:34,791.8,KR,Luxury,222.8.219.72,0
TXN_1929,USER_104,2026-05-02 02:57:01,715.7,GB,Gaming,92.33.179.20,0
TXN_1930,USER_194,2026-05-25 10:57:14,4720.86,JP,Gaming,77.194.86.188,0
TXN_1931,USER_120,2026-05-08 18:18:11,4505.77,JP,Luxury,63.115.107.218,1
TXN_1932,USER_173,2026-05-24 23:41:59,2360.76,GB,Luxury,95.186.203.218,0
TXN_1933,USER_142,2026-05-14 07:46:50,3344.58,KR,Food,38.122.60.134,0
TXN_1934,USER_199,2026-05-28 13:09:52,4887.64,GB,Food,171.87.224.95,0
TXN_1935,USER_182,2026-05-09 00:09:38,1488.21,US,Gaming,112.109.112.43,0
TXN_1936,USER_147,2026-05-03 06:57:20,3968.92,KR,Luxury,59.156.111.229,0
TXN_1937,USER_186,2026-05-14 15:11:23,972.99,SG,Luxury,94.151.14.129,0
TXN_1938,USER_119,2026-05-11 17:33:19,2236.75,US,Food,167.68.247.156,0
TXN_1939,USER_172,2026-05-24 23:10:25,1686.35,US,Travel,56.66.15.154,0
TXN_1940,USER_141,2026-05-24 23:52:49,1585.72,SG,Travel,28.87.163.61,0
TXN_1941,USER_176,2026-05-28 10:14:35,3730.99,JP,Electronics,42.12.88.34,0
TXN_1942,USER_102,2026-05-10 01:29:24,1051.12,GB,Luxury,102.199.93.73,0
TXN_1943,USER_153,2026-05-18 02:12:15,186.98,US,Food,130.157.101.221,0
TXN_1944,USER_125,2026-05-29 11:10:42,987.38,US,Food,7.93.49.123,0
TXN_1945,USER_148,2026-05-26 06:07:33,2726.73,JP,Food,142.253.103.17,0
TXN_1946,USER_187,2026-05-29 09:28:49,2510.8,JP,Food,108.236.212.129,0
TXN_1947,USER_154,2026-05-06 00:09:23,1366.08,SG,Electronics,19.145.188.55,0
TXN_1948,USER_126,2026-05-18 00:01:17,3222.21,GB,Luxury,145.1.4.114,0
TXN_1949,USER_149,2026-05-23 03:52:58,4623.55,KR,Food,105.20.192.71,1
TXN_1950,USER_166,2026-05-24 21:39:45,1546.53,GB,Travel,206.234.56.149,0
TXN_1951,USER_117,2026-05-13 07:57:59,4340.75,JP,Luxury,159.191.89.35,0
TXN_1952,USER_182,2026-05-05 05:51:40,2457.95,GB,Gaming,169.70.238.243,0
TXN_1953,USER_200,2026-05-16 13:35:21,911.37,KR,Gaming,100.122.173.215,0
TXN_1954,USER_116,2026-05-18 07:08:57,2187.08,GB,Luxury,97.11.80.118,0
TXN_1955,USER_108,2026-05-15 15:38:26,3649.76,JP,Food,163.152.117.111,0
TXN_1956,USER_121,2026-05-13 14:02:00,2589.94,SG,Electronics,193.129.99.239,0
TXN_1957,USER_123,2026-05-21 10:48:39,84.5,SG,Luxury,161.128.255.138,0
TXN_1958,USER_145,2026-05-28 23:55:17,3574.19,SG,Luxury,106.170.96.179,0
TXN_1959,USER_184,2026-05-31 09:39:08,2013.83,SG,Gaming,218.105.215.200,0
TXN_1960,USER_110,2026-05-25 06:58:55,2970.1,JP,Luxury,10.174.155.188,0
TXN_1961,USER_189,2026-05-06 11:06:48,4133.61,KR,Gaming,90.2.209.32,0
TXN_1962,USER_144,2026-05-26 11:40:39,4395.25,US,Food,145.70.176.109,0
TXN_1963,USER_160,2026-05-09 10:51:34,1510.8,KR,Gaming,27.167.109.35,0
TXN_1964,USER_138,2026-05-24 04:23:24,1012.43,GB,Electronics,17.206.81.32,0
TXN_1965,USER_152,2026-05-27 18:20:54,4748.12,US,Food,154.161.157.6,0
TXN_1966,USER_113,2026-05-18 02:29:26,2529.46,KR,Travel,64.69.239.197,0
TXN_1967,USER_160,2026-05-27 15:28:55,580.78,GB,Luxury,89.60.52.113,0
TXN_1968,USER_153,2026-05-29 11:12:27,2169.93,GB,Luxury,117.178.62.149,0
TXN_1969,USER_180,2026-05-22 23:01:35,2774.33,SG,Luxury,129.174.82.99,0
TXN_1970,USER_193,2026-05-28 13:18:37,752.92,KR,Food,170.154.91.87,0
TXN_1971,USER_184,2026-05-22 17:41:58,4228.06,JP,Gaming,25.177.215.101,0
TXN_1972,USER_200,2026-05-20 20:37:58,1128.99,JP,Luxury,106.113.133.69,0
TXN_1973,USER_106,2026-05-22 01:11:39,2407.14,GB,Luxury,221.129.159.226,0
TXN_1974,USER_164,2026-05-23 03:01:27,2496.65,GB,Luxury,199.46.226.224,0
TXN_1975,USER_135,2026-05-05 09:51:19,2862.96,GB,Travel,115.31.63.174,0
TXN_1976,USER_122,2026-05-15 02:47:32,607.28,KR,Food,9.99.232.240,0
TXN_1977,USER_138,2026-05-28 00:44:03,4075.44,KR,Electronics,27.170.150.234,0
TXN_1978,USER_166,2026-05-04 03:50:08,1951.41,SG,Gaming,163.70.146.224,0
TXN_1979,USER_185,2026-05-21 11:49:18,1710.06,SG,Luxury,147.124.82.183,0
TXN_1980,USER_187,2026-05-12 05:25:51,3789.79,KR,Electronics,148.201.68.64,0
TXN_1981,USER_179,2026-05-16 00:05:04,772.91,GB,Luxury,196.185.251.161,0
TXN_1982,USER_139,2026-05-17 08:27:24,4292.42,US,Gaming,55.152.161.250,0
TXN_1983,USER_105,2026-05-29 22:47:17,4004.36,SG,Food,106.200.204.167,0
TXN_1984,USER_129,2026-05-21 09:01:05,1142.92,GB,Electronics,138.60.224.250,0
TXN_1985,USER_144,2026-05-20 09:48:15,1187.24,KR,Travel,117.62.20.92,0
TXN_1986,USER_171,2026-05-21 20:08:06,797.95,GB,Gaming,15.124.146.62,0
TXN_1987,USER_102,2026-05-07 13:08:52,51.15,KR,Luxury,5.81.148.8,0
TXN_1988,USER_117,2026-05-20 03:39:42,217.05,GB,Luxury,154.223.235.148,0
TXN_1989,USER_152,2026-05-13 17:07:29,2328.18,SG,Luxury,172.207.77.233,0
TXN_1990,USER_166,2026-05-04 07:40:56,1123.55,JP,Luxury,179.41.62.79,0
TXN_1991,USER_156,2026-05-07 04:33:39,3167.36,KR,Gaming,46.235.64.27,0
TXN_1992,USER_127,2026-05-15 01:46:01,4275.45,US,Electronics,110.90.169.152,0
TXN_1993,USER_196,2026-05-10 20:45:57,846.11,KR,Food,223.90.144.157,0
TXN_1994,USER_127,2026-05-11 11:59:30,3316.32,KR,Electronics,143.42.240.12,0
TXN_1995,USER_169,2026-05-21 06:22:25,3871.25,SG,Electronics,188.179.208.103,0
TXN_1996,USER_108,2026-05-07 06:54:01,2661.24,KR,Luxury,216.185.193.51,0
TXN_1997,USER_179,2026-05-02 23:46:52,2535.19,KR,Food,110.153.245.112,0
TXN_1998,USER_154,2026-05-19 11:14:45,4200.47,JP,Travel,105.161.82.162,0
TXN_1999,USER_143,2026-05-11 02:43:41,2177.25,GB,Luxury,163.151.132.7,0
TXN_2000,USER_107,2026-05-04 09:54:55,4258.95,US,Gaming,175.134.79.157,0
